INSERT INTO Geschlecht_Tier (Geschlechts_typ)
VALUES ('männlich'), ('weiblich'), ('zwitter');

INSERT INTO Geschlecht_Mitarbeiter (Geschlechts_typ)
VALUES ('männlich'), ('weiblich');

INSERT INTO Groesse_einheit (Groesse_einheit)
VALUES ('m'), ('cm'), ('mm');

INSERT INTO Gewicht_einheit (Gewicht_einheit)
VALUES ('t'), ('kg'), ('g'), ('mg');

INSERT INTO Futter_einheit (Futter_einheit)
VALUES ('Ballen'), ('Rollen'), ('Stk'), ('Sack'), ('Sack');

INSERT INTO MwSt (MwSt_19, MwSt_7) 
VALUES (19, 7);

INSERT INTO Waehrung (Waehrung)
VALUES('Euro'), ('Dollar'), ('Pfund');

INSERT INTO Groesse_gehege_einheit (Groesse_einheit)
VALUES ('m2'), ('m3');

INSERT INTO Anrede (Anrede_typ)
VALUES ('Herr'), ('Frau');

INSERT INTO Titel (Titel_typ)
VALUES ('Dr.'), ('Dr. med.'), ('Prof.'), ('Prof. Dr.');

INSERT INTO Vertretungsgrund (Vertretungsgrund_typ)
VALUES ('Krankheit.'), ('Urlaub'), ('Schwangerschaft'), ('Fortbildung'), ('Sonstige');

INSERT INTO `Gehegeart` (`Gehegeart_name`) VALUES
  ('Tag_gehege'),
  ('Nacht_gehege'),
  ('Sommer_gehege'),
  ('Winter_gehege'),
  ('Frei_gehege');

INSERT INTO `Gehege` (`Gehegeart_ID`, `Gehege_name`, `Bemerkungen`, `Baujahr`, `Gehege_groesse`, `Gehege_groesse_einheit_ID`)
VALUES
  (1, 'Pinguin Gehege', 'Heimat für Pinguine', '2010-05-20', 150, 1),
  (2, 'Savannen Bereich', 'Lebensraum für Savannen-Tiere', '2008-09-12', 300, 2),
  (3, 'Aquatischer Lebensraum', 'Unterwasserwelt', '2015-03-28', 500, 2),
  (4, 'Affen Dschungel', 'Spielumgebung für Affen', '2012-07-10', 200, 1),
  (5, 'Reptilien Raum', 'Paradies für Reptilien', '2019-11-05', 100, 1),
  (1, 'Vogelhimmel', 'Wohnort für hoch fliegende Vögel', '2005-02-15', 700, 2),
  (2, 'Arktische Oase', 'Zuhause für arktische Tiere', '2014-12-08', 400, 2),
  (3, 'Tropisches Paradies', 'Vielfältiges tropisches Ökosystem', '2017-06-25', 600, 2),
  (4, 'Katzen Königreich', 'Residenz für Großkatzen', '2013-08-18', 250, 2),
  (1, 'Wüsten Dünen', 'Lebensraum für Wüstentiere', '2016-04-30', 180, 1),
  (1, 'Regenwald Rückzug', 'Üppige Regenwaldumgebung', '2011-10-15', 450, 2),
  (2, 'Safari-Ebene', 'Offene Ebenen für Safari-Tiere', '2018-07-22', 350, 2),
  (3, 'Mystische Höhlen', 'Unterirdische Höhlen für mysteriöse Kreaturen', '2016-11-12', 120, 1),
  (4, 'Berggipfel', 'Hochgelegene Lebensräume', '2019-04-05', 280, 1),
  (5, 'Tropenparadies', 'Vielfältiges tropisches Ökosystem', '2017-06-25', 600, 2),
  (2, 'Felinisches Reich', 'Residenz für Großkatzen', '2013-08-18', 250, 1),
  (3, 'Wüstendünen', 'Lebensraum für Wüstentiere', '2016-04-30', 180, 1),
  (4, 'Regenwald-Rückzug', 'Üppige Umgebung des Regenwaldes', '2011-10-15', 450, 2),
  (1, 'Unterwasserwelt', 'Faszinierende Welt unter Wasser', '2014-02-28', 550, 1),
  (1, 'Luftige Höhen', 'Lebensraum für Hochflieger', '2015-09-08', 320, 2),
  (1, 'Sumpfland', 'Feuchtes Sumpfgebiet für amphibische Tiere', '2019-12-10', 200, 1),
  (2, 'Nordlicht-Territorium', 'Arktisches Gebiet für Nordlicht-Enthusiasten', '2017-03-17', 420, 2),
  (3, 'Dschungelpfad', 'Lebendiger Dschungel für exotische Tiere', '2012-05-18', 300, 1),
  (4, 'Wolkenkuckucksheim', 'Spielplatz für fantasievolle Vögel', '2015-08-30', 180, 2),
  (2, 'Echsenreich', 'Reich der Reptilien', '2016-06-14', 240, 1),
  (2, 'Wolfsrevier', 'Territorium für Wölfe', '2018-09-29', 280, 2),
  (1, 'Wasserfall-Oase', 'Idyllische Oase mit Wasserfällen', '2014-11-24', 400, 2),
  (3, 'Fliegender Zirkus', 'Spektakuläre Luftvorführungen', '2013-04-05', 320, 1),
  (4, 'Schildkrötenparadies', 'Heimat für langsame Bewohner', '2019-02-12', 150, 1),
  (1, 'Vogelparadies', 'Paradies für gefiederte Freunde', '2017-07-10', 500, 2);

INSERT INTO `Gebaeude` (`Gehege_ID`, `Gebaeude_name`, `Gebauede_stockwerke`)
VALUES
  (1, 'Penguin House', 2),
  (2, 'Savannah Lodge', 3),
  (3, 'Aquarium Building', 4),
  (4, 'Monkey Pavilion', 1),
  (5, 'Fun House', 2),
  (6, 'Danger House', 3),
  (7, 'Wildlife Building', 2),
  (8, 'Waterlife', 2),
  (9, 'Little fellas House', 1),
  (10, 'Spider House', 3),
  (11, 'Reptile House', 1);

INSERT INTO `Gehege-Gebaeude` (`Gehege_ID`, `Gebaeude_ID`)
VALUES
  (1, 1),
  (2, 2),
  (3, 3),
  (4, 4),
  (5, 5),
  (6, 6),
  (7, 7),
  (8, 8),
  (9, 9),
  (10, 10),
  (11, 11);
  
INSERT INTO Mitarbeiter (Anrede_ID, Titel_ID, Geschlecht_ID, Nationalitaet_ID, Vorname, Nachname, Strasse, Hausnummer, PLZ, Ort ,Telefonnummer_festnetz ,Telefonnummer_mobil, EMail, Angestellt_seit, Geburtsdatum, Geburtsort, Sozialer_status, Lohnsteuerklasse)
VALUES
  (1,NULL,1,23,"Whilemina","Snow","107-678 At Av.",59,28264,"Hamburg","461-7067","(0175-357775)","dui@aol.org","2022,5,3","1996,9,23","Heidelberg","Ledig","IIII"),
  (2,NULL,2,10,"Cheryl","Figueroa","Ap #233-3092 Netus Rd.",25,76847,"Hamburg","873-2186","(0175-651452)","fusce.mi.lorem@outlook.couk","2018,10,13","1995,3,4","Obertshausen","Ledig","IIIII"),
  (2,NULL,1,22,"Britanney","Frank","P.O. Box 306, 1279 Senectus Rd.",44,90502,"Dresden","553-8347","(0175-893215)","commodo.auctor@icloud.couk","2018,9,15","1993,2,27","Neuss","Verheiratet","IIIII"),
  (2,NULL,2,29,"Ori","Hunt","P.O. Box 463, 5021 Mi Av.",7,87218,"Krefeld","791-5414","(0176-255912)","lorem.ipsum.sodales@outlook.net","2021,8,19","1998,9,3","Falkensee","Ledig","III"),
  (2,NULL,1,27,"Kessie","Bauer","Ap #584-6318 Aliquet. Avenue",21,34723,"Strausberg","433-1273","(0175-078854)","phasellus@icloud.edu","2023,6,22","1991,11,21","Frankfurt","Verheiratet","II"),
  (2,NULL,1,28,"Marah","Cervantes","P.O. Box 821, 9650 Montes, Avenue",57,57999,"Bremerhaven","753-5528","(0176-594610)","lectus.rutrum@icloud.org","2020,11,7","2000,4,5","Bamberg","Verheiratet","II"),
  (2,NULL,2,5,"Jesse","Collier","6074 Suspendisse St.",41,32473,"Hamburg","359-0512","(0176-101479)","vestibulum.massa@protonmail.org","2021,12,22","1990,10,17","Görlitz","Ledig","III"),
  (1,NULL,1,8,"Hoyt","Klein","Ap #269-7836 Eget, Rd.",62,17696,"Wernigerode","672-8764","(0176-575812)","donec@google.couk","2021,6,22","2000,8,21","Bremerhaven","Verheiratet","II"),
  (2,NULL,2,15,"Isaiah","Crosby","Ap #151-6349 Tempus St.",14,40920,"Hamburg","759-0665","(0175-726820)","molestie.sed.id@yahoo.ca","2018,1,27","1998,3,7","Hamburg","Verheiratet","II"),
  (2,NULL,1,36,"Brody","Rose","Ap #334-3101 Sed Rd.",53,36261,"Hamburg","512-9246","(0175-572562)","sed@outlook.couk","2022,3,5","2001,10,9","Mönchengladbach","Verheiratet","IIIII"),
  (1,NULL,2,38,"Dieter","Ellison","P.O. Box 847, 2101 Ultricies Avenue",19,71987,"Norderstedt","204-2268","(0176-447785)","sed.dictum.eleifend@aol.couk","2020,3,28","1994,9,24","Straubing","Verheiratet","III"),
  (2,NULL,2,15,"Ezekiel","Fernandez","357-4910 Urna. Av.",13,56901,"Heusweiler","775-1246","(0175-651868)","arcu@google.org","2021,6,2","2002,8,12","Dessau","Ledig","III"),
  (2,NULL,2,37,"Erasmus","Sloan","Ap #168-8711 Et, St.",59,56138,"Hamburg","232-1716","(0176-823448)","mauris.elit@aol.com","2020,3,22","2002,9,14","Zwickau","Ledig","III"),
  (1,NULL,2,12,"Priscilla","Case","Ap #312-2639 Tempor St.",38,31061,"Dietzenbach","330-5111","(0176-734317)","sagittis@hotmail.edu","2018,12,5","2001,1,21","Neuruppin","Verheiratet","II"),
  (2,NULL,1,18,"Perry","Barrett","Ap #924-7118 Feugiat Av.",49,33332,"Strausberg","797-6511","(0176-405728)","suscipit.nonummy@icloud.edu","2018,4,28","1993,5,21","Trier","Verheiratet","I"),
  (2,NULL,2,19,"Arden","Gonzalez","Ap #865-8163 Elementum, Ave",69,17597,"Berlin","837-2174","(0175-137627)","non.magna@outlook.edu","2022,6,27","2003,1,3","Lebach","Verheiratet","IIII"),
  (2,NULL,2,21,"Noelani","Kelley","8404 Metus Road",38,68480,"Bad Neuenahr-Ahrweiler","642-6710","(0176-589958)","in.tincidunt@google.com","2021,4,16","2003,5,20","Griesheim","Ledig","IIII"),
  (2,NULL,2,37,"Abra","Duran","903-6113 Lobortis St.",5,26888,"Berlin","661-4344","(0176-673618)","integer.tincidunt@hotmail.net","2020,9,19","1994,8,18","Wolfsburg","Ledig","II"),
  (2,NULL,1,7,"Penelope","Brewer","2174 Non, St.",16,30719,"Werder","871-5518","(0175-386828)","ligula@google.com","2021,4,3","2001,12,14","Hamburg","Ledig","I"),
  (1,NULL,2,26,"Zeph","Davis","Ap #762-1349 Vulputate Rd.",37,44879,"Ingelheim","174-4048","(0176-445841)","faucibus.leo@aol.com","2020,12,2","2005,4,24","Merseburg","Ledig","III"),
  (2,NULL,1,18,"Jessamine","Flores","4057 Sed Street",30,82608,"Hannover","422-1269","(0175-238415)","a.arcu.sed@icloud.edu","2018,5,10","1993,11,10","Weißenfels","Ledig","II"),
  (2,NULL,2,32,"Diana","Adkins","480-2585 Massa. Rd.",30,85806,"Bremen","978-2346","(0176-667698)","tempor@yahoo.ca","2023,4,2","1995,6,18","Quedlinburg","Ledig","III"),
  (1,NULL,2,38,"Xanthus","Jennings","P.O. Box 871, 3124 Auctor Rd.",53,77832,"Bad Vilbel","507-3472","(0176-424738)","amet.consectetuer@outlook.edu","2021,7,13","1997,10,15","Aschaffenburg","Verheiratet","II"),
  (1,NULL,2,28,"Sean","Merritt","P.O. Box 634, 4121 Lobortis, St.",45,65468,"Heilbronn","237-7745","(0175-529405)","ac.ipsum@yahoo.couk","2022,11,13","1990,7,19","Strausberg","Ledig","IIIII"),
  (2,NULL,2,32,"Olympia","Farley","Ap #431-5217 Aliquet Avenue",6,47600,"Püttlingen","464-3440","(0175-436678)","justo@google.org","2023,1,7","1996,7,23","Andernach","Verheiratet","IIII"),
  (1,NULL,1,5,"Olivia","Santos","Ap #809-4185 Proin Avenue",8,42642,"Regensburg","893-1688","(0175-752271)","donec.fringilla@hotmail.ca","2020,9,15","1992,5,22","Rosenheim","Verheiratet","III"),
  (2,NULL,2,28,"Rafael","Garrett","8390 Arcu. St.",26,21336,"Augsburg","328-8931","(0175-057814)","amet.risus@icloud.com","2020,11,9","1999,9,16","Butzbach","Verheiratet","IIIII"),
  (1,NULL,2,9,"Orli","Wood","Ap #419-4142 Vulputate St.",5,27198,"Waren","466-7497","(0176-423644)","sed.eget.lacus@google.net","2018,12,15","1994,11,27","Hamburg","Ledig","II"),
  (2,NULL,1,10,"Hedy","Mclaughlin","Ap #358-1819 Metus Ave",33,15712,"Worms","776-9841","(0176-444657)","tempus.lorem@icloud.couk","2018,10,30","1989,4,4","Hamburg","Verheiratet","II"),
  (2,NULL,2,19,"Hillary","Johns","P.O. Box 839, 9479 Nisi. Road",60,37051,"Hameln","163-1886","(0176-951259)","donec.egestas@icloud.com","2022,3,18","1993,2,21","Konstanz","Ledig","IIIII"),
  (2,NULL,1,21,"Jaquelyn","Goff","Ap #584-707 Donec Avenue",19,86667,"Wandlitz","215-9841","(0176-757663)","id@protonmail.org","2019,8,12","2004,7,7","Heidenheim","Verheiratet","III"),
  (1,NULL,2,14,"Glenna","Osborn","7670 A, Ave",55,63174,"Berlin","382-8295","(0175-383133)","suspendisse.commodo.tincidunt@icloud.ca","2020,5,1","2003,3,28","Herne","Verheiratet","III"),
  (2,NULL,2,2,"Gage","Owen","P.O. Box 264, 9745 Mollis Ave",52,84552,"Bexbach","263-6797","(0176-751451)","suscipit.est@icloud.net","2020,10,22","1992,10,11","Munich","Verheiratet","II"),
  (2,NULL,1,7,"Coby","Simmons","Ap #395-536 Id, Rd.",29,82175,"Delitzsch","884-8217","(0176-726463)","eget@outlook.ca","2022,5,21","1993,10,18","Lübeck","Verheiratet","I"),
  (2,NULL,2,39,"Mira","Le","3525 Tristique Av.",38,52384,"Bergen","268-9336","(0175-641600)","nulla.vulputate@icloud.org","2020,8,1","1994,5,5","Hamburg","Ledig","III"),
  (1,NULL,2,14,"Stacey","Harvey","566-4254 Cras Rd.",68,47683,"Kiel","442-8325","(0176-045452)","pharetra@protonmail.com","2022,5,19","1989,6,23","Zwickau","Ledig","IIII"),
  (1,NULL,2,6,"Geraldine","Crawford","Ap #265-5149 Enim, St.",8,48664,"Hamburg","855-3685","(0176-727496)","vehicula@protonmail.edu","2019,9,25","1989,6,26","Leipzig","Verheiratet","I"),
  (1,NULL,1,19,"Keiko","Sanford","447-8707 Tellus, Road",17,12852,"Schifferstadt","616-7605","(0175-834035)","aenean.eget@icloud.ca","2018,6,3","1992,6,1","Bremerhaven","Ledig","III"),
  (2,NULL,2,1,"Sybil","Alford","Ap #993-8223 Pellentesque. Ave",61,21559,"Berlin","425-7703","(0176-984942)","volutpat@hotmail.org","2021,6,3","2003,1,18","Hamburg","Ledig","IIII"),
  (1,NULL,1,13,"Hope","Gross","P.O. Box 714, 1150 Eleifend Street",13,67011,"Pfungstadt","764-8952","(0176-615782)","condimentum.donec.at@icloud.net","2018,8,21","2001,2,27","Magdeburg","Verheiratet","I"),
  (2,NULL,1,27,"Gillian","Hunt","P.O. Box 945, 2134 Pharetra Rd.",40,32619,"Hoyerswerda","792-4742","(0176-677820)","rutrum@yahoo.org","2022,2,9","1998,2,28","Passau","Ledig","II"),
  (1,NULL,2,9,"Lesley","Pittman","P.O. Box 311, 831 Sit Rd.",19,41326,"Merzig","652-2711","(0175-849882)","lectus@outlook.couk","2022,10,24","1993,9,28","Bremen","Verheiratet","II"),
  (2,NULL,2,28,"Mariam","Blake","1045 Eget Rd.",19,77875,"Berlin","955-7745","(0176-859597)","eu@outlook.com","2020,3,17","2005,3,21","Berlin","Verheiratet","IIIII"),
  (2,NULL,1,15,"Paul","Hays","481-5598 Leo Av.",4,85461,"Andernach","442-2314","(0175-395187)","eu.arcu.morbi@icloud.edu","2021,12,4","2004,9,3","Hamburg","Ledig","IIIII"),
  (2,NULL,1,6,"Quinlan","Petty","Ap #843-780 Ante Rd.",44,83532,"Reutlingen","750-5261","(0175-953655)","amet.orci.ut@aol.couk","2018,7,10","1995,7,15","Berlin","Ledig","III"),
  (1,NULL,1,7,"Eric","Edwards","P.O. Box 755, 6266 Rutrum St.",35,72211,"Bremerhaven","646-5127","(0175-844745)","penatibus.et.magnis@protonmail.couk","2020,1,14","1999,8,10","Idar-Oberstei","Ledig","III"),
  (2,NULL,1,12,"Ray","Lancaster","963-5016 Risus. St.",3,74359,"Ravensburg","652-8923","(0175-117320)","vitae@yahoo.net","2021,9,30","1990,9,28","Völklingen","Verheiratet","IIII"),
  (2,NULL,2,31,"Seth","Tyler","699-9862 In St.",24,15990,"Schwerin","450-7354","(0176-177941)","non.enim@icloud.net","2018,9,29","2005,4,16","Neuwied","Ledig","I"),
  (2,NULL,2,4,"Lesley","Estes","Ap #399-6384 Turpis Rd.",18,36203,"Fürth","348-4434","(0176-094344)","parturient@aol.ca","2020,3,23","1993,5,15","Dessau","Verheiratet","I"),
  (2,NULL,2,21,"Cameron","Frost","3374 Ac St.",17,85663,"Salzwedel","233-2133","(0175-256774)","nam.ligula@protonmail.ca","2022,11,28","1996,9,18","Dillingen","Verheiratet","II");

INSERT INTO `Gattung` (`Gattung_name`, `Natuerlicher_lebensraum`, `Verhaltensweisen`, `Abstammung`)
VALUES
  ('Felidae', 'Verschiedene Lebensräume weltweit', 'Fleischfresser, Einzelgänger, territorial', 'Säugetiere'),
  ('Canidae', 'Vielfältige Umgebungen, einschließlich Wälder und Graslandschaften', 'Sozial, Rudelorientiert, Fleischfresser', 'Säugetiere'),
  ('Elephantidae', 'Grasländer, Wälder und Savannen', 'Sozial, Pflanzenfresser, intelligent', 'Säugetiere'),
  ('Ursidae', 'Wälder, Berge und Tundra', 'Allesfresser, Winterschlaf, Einzelgänger', 'Säugetiere'),
  ('Hominidae', 'Vielfältige Umgebungen, einschließlich Wälder und Graslandschaften', 'Hochintelligent, Sozial, Werkzeuggebrauch', 'Säugetiere'),
  ('Cetacea', 'Ozeane, Meere und Flüsse', 'Sehr sozial, intelligent, an das Leben im Wasser angepasst', 'Säugetiere'),
  ('Aves', 'Verschiedene Lebensräume weltweit', 'Gefiedert, schnabelförmig, ovipar', 'Vögel'),
  ('Reptilia', 'Vielfältige Umgebungen, einschließlich Wüsten, Wälder und Feuchtgebiete', 'Kaltblütig, Schuppen, ovipar', 'Reptilien'),
  ('Amphibia', 'Feuchte Umgebungen, einschließlich Teiche und Regenwälder', 'Kaltblütig, halbaquatisch, glatte Haut', 'Amphibien'),
  ('Actinopterygii', 'Aquatische Umgebungen, einschließlich Ozeane, Seen und Flüsse', 'Kaltblütig, Schuppen, Kiemen', 'Actinopterygii');

INSERT INTO `Tierart` (`Gattung_ID`, `Tierart_name`)
VALUES
  (1, 'Löwe'),
  (2, 'Elefant'),
  (3, 'Fisch'),
  (4, 'Panda'),
  (5, 'Gorilla'),
  (6, 'Giraffe'),
  (7, 'Pinguin'),
  (8, 'Zebra'),
  (9, 'Flamingo'),
  (10, 'Koala'),
  (1, 'Tiger'),
  (2, 'Nashorn'),
  (3, 'Haifisch'),
  (4, 'Koalabär'),
  (5, 'Orang-Utan'),
  (6, 'Nilpferd'),
  (7, 'Eisbär'),
  (8, 'Kamel'),
  (9, 'Pelikan'),
  (10, 'Krokodil');
INSERT INTO Tier (Geschlecht_tier_ID,Gehege_ID,Tierart_ID,Tiername,Groesse,Groesse_einheit_ID,Gewicht,Gewicht_einheit_ID,Geburtsdatum,Herkunft,Im_zoo_seit,Im_zoo_geboren,Bemerkungen)
VALUES
  (1,6,18,"Drake",2,2,2,2,"2020-10-29","Cuba","2022-9-12",1,""),
  (1,10,9,"Calderon",1,2,2,2,"2017-3-15","Antigua and Barbuda","2020-4-1",0,""),
  (1,7,12,"Moran",7,1,3,2,"2021-11-8","Burundi","2021-5-2",1,""),
  (2,4,5,"Bell",10,2,1,2,"2021-3-21","Luxembourg","2016-2-27",0,""),
  (2,8,15,"Hoover",8,2,2,3,"2022-10-9","Mayotte","2023-3-23",0,""),
  (1,8,18,"Ashley",9,2,4,3,"2017-3-6","Sweden","2022-9-21",1,""),
  (2,4,16,"Avery",1,2,3,2,"2016-10-15","Côte D'Ivoire (Ivory Coast)","2021-5-8",0,""),
  (2,7,17,"Ramos",7,2,4,3,"2016-8-12","Netherlands","2020-7-10",0,""),
  (2,10,17,"Langley",10,1,4,3,"2020-4-26","Togo","2023-4-19",1,""),
  (2,3,16,"House",4,1,3,2,"2021-9-18","Madagascar","2023-5-27",1,""),
  (2,6,4,"Gomez",2,1,2,3,"2019-6-29","Seychelles","2021-10-21",1,""),
  (1,1,17,"Mayer",2,1,4,2,"2023-3-18","Azerbaijan","2019-4-14",1,""),
  (1,7,18,"Mckay",1,2,3,2,"2017-4-28","Latvia","2021-12-23",1,""),
  (1,11,12,"Dickson",4,2,1,2,"2018-12-6","Bolivia","2017-6-17",1,""),
  (2,3,16,"Gould",9,1,4,2,"2022-6-3","Brazil","2016-9-24",0,""),
  (1,2,16,"Sanford",8,2,3,3,"2015-8-9","Equatorial Guinea","2019-4-18",1,""),
  (2,1,5,"Gonzales",3,1,3,3,"2021-7-22","Maldives","2016-12-25",1,""),
  (2,7,18,"Drake",1,2,5,2,"2020-11-28","Saint Lucia","2023-5-3",1,""),
  (2,9,16,"Aguirre",6,1,1,3,"2019-5-27","Faroe Islands","2018-10-29",0,""),
  (1,10,7,"Soto",3,1,4,2,"2022-11-2","Solomon Islands","2019-12-27",1,""),
  (2,9,2,"Mejia",6,2,3,2,"2023-4-7","Åland Islands","2019-12-21",0,""),
  (1,4,14,"Hopkins",2,2,2,2,"2019-7-19","Myanmar","2021-12-9",0,""),
  (2,2,16,"Stout",7,2,3,2,"2018-3-8","Czech Republic","2017-9-6",0,""),
  (1,10,8,"Mccarthy",3,1,4,3,"2016-10-31","Dominica","2023-4-24",0,""),
  (2,2,15,"Sweeney",9,1,2,2,"2018-3-8","Mauritius","2018-5-4",1,""),
  (1,10,18,"Greene",8,2,2,2,"2019-6-5","Iraq","2018-1-14",0,""),
  (2,5,4,"Cummings",8,1,2,2,"2021-6-15","Cape Verde","2021-7-19",0,""),
  (1,10,19,"Weber",3,2,2,3,"2017-9-18","Bolivia","2021-3-17",1,""),
  (1,9,16,"Bean",8,2,2,2,"2019-11-9","Argentina","2022-3-27",1,""),
  (2,6,1,"Haley",4,1,4,3,"2021-7-19","Venezuela","2018-1-1",0,""),
  (2,8,9,"Foreman",6,1,4,2,"2023-6-3","Guernsey","2020-5-16",1,""),
  (2,10,14,"Webster",2,2,3,3,"2020-12-25","Croatia","2019-9-7",1,""),
  (2,9,14,"Vargas",10,1,5,2,"2023-5-23","Gabon","2016-2-4",0,""),
  (2,6,11,"Maldonado",5,2,5,2,"2019-1-25","Tajikistan","2019-12-8",1,""),
  (1,1,4,"Brady",8,1,5,3,"2019-2-16","Saudi Arabia","2020-6-26",1,""),
  (1,4,5,"Carver",9,2,2,2,"2020-2-7","Guadeloupe","2019-9-7",1,""),
  (2,10,19,"Sims",5,1,4,3,"2020-11-7","Guam","2022-10-2",1,""),
  (1,4,16,"Fry",4,1,4,3,"2022-10-18","Uruguay","2020-6-8",0,""),
  (2,7,14,"Herrera",6,1,4,3,"2020-6-11","Argentina","2018-11-9",1,""),
  (2,3,4,"Browning",9,2,4,3,"2018-1-26","Venezuela","2023-5-28",0,""),
  (2,9,6,"Waller",5,1,3,2,"2020-8-4","Guadeloupe","2018-12-3",0,""),
  (1,3,14,"Savage",8,1,4,2,"2015-8-19","French Guiana","2019-2-26",0,""),
  (2,4,8,"Patel",4,1,3,3,"2016-2-27","Switzerland","2020-12-3",0,""),
  (2,5,6,"Lamb",3,1,5,3,"2023-6-21","Taiwan","2020-1-31",0,""),
  (2,8,17,"Hays",4,2,2,2,"2020-5-29","Antarctica","2017-4-3",1,""),
  (2,11,12,"Nicholson",4,1,2,3,"2017-4-19","Virgin Islands, United States","2016-4-29",0,""),
  (1,9,7,"Lara",3,2,4,3,"2022-7-3","Bonaire, Sint Eustatius and Saba","2018-8-3",0,""),
  (1,10,19,"Sellers",3,2,1,3,"2020-5-3","Palau","2020-3-31",1,""),
  (2,9,1,"Frye",3,2,4,3,"2017-9-30","American Samoa","2019-9-15",1,""),
  (2,2,19,"Morse",4,1,5,2,"2022-5-21","Fiji","2016-6-2",1,""),
  (1,8,10,"Moses",7,1,1,3,"2018-10-4","Gambia","2023-1-12",0,""),
  (1,2,15,"Parsons",9,1,4,2,"2018-10-19","Burkina Faso","2017-8-10",1,""),
  (2,10,16,"Baldwin",4,1,1,2,"2017-4-3","Chad","2021-2-28",1,""),
  (1,4,13,"Willis",5,2,3,2,"2023-3-29","Ghana","2019-1-12",1,""),
  (2,6,19,"Stuart",7,1,4,2,"2021-5-3","Kazakhstan","2017-9-27",1,""),
  (2,6,14,"Duke",4,2,2,2,"2022-5-11","United Kingdom (Great Britain)","2019-9-8",0,""),
  (2,10,7,"Jimenez",9,2,4,3,"2018-1-23","Hungary","2016-2-25",1,""),
  (2,4,7,"Reilly",6,1,2,3,"2019-11-26","India","2017-11-28",1,""),
  (2,1,19,"Goodman",7,2,4,2,"2019-6-6","Guam","2020-8-15",1,""),
  (1,5,17,"Harrington",6,2,3,2,"2017-6-25","Namibia","2022-2-10",1,""),
  (2,4,9,"Romero",3,2,3,3,"2021-3-10","Russian Federation","2019-2-27",0,""),
  (2,10,14,"Green",4,1,1,2,"2021-4-27","Andorra","2018-1-26",0,""),
  (1,4,17,"Strong",2,2,5,3,"2022-4-24","Suriname","2023-9-20",1,""),
  (1,3,15,"Henson",1,1,1,3,"2018-9-4","Honduras","2022-2-23",0,""),
  (2,9,16,"Boyer",8,1,5,2,"2017-6-1","Maldives","2023-7-28",0,""),
  (2,9,13,"Roth",3,1,3,2,"2018-10-4","Brunei","2020-2-20",1,""),
  (1,1,10,"Rollins",2,1,5,2,"2019-1-19","Finland","2019-8-22",1,""),
  (2,4,15,"Coleman",3,1,2,3,"2019-7-29","Saint Martin","2016-8-17",1,""),
  (2,6,6,"Henderson",2,1,1,3,"2018-4-25","New Zealand","2016-12-19",0,""),
  (1,2,4,"Rogers",9,2,4,3,"2021-6-8","Austria","2023-2-26",0,""),
  (1,7,15,"Mcgowan",10,2,5,3,"2018-6-22","Singapore","2020-9-29",0,""),
  (2,6,3,"Bentley",2,2,2,2,"2015-10-1","Maldives","2021-8-10",1,""),
  (2,10,14,"Pope",1,2,5,3,"2018-7-22","Syria","2020-2-7",0,""),
  (1,3,16,"Daugherty",5,1,4,2,"2023-7-20","Sint Maarten","2017-7-26",1,""),
  (2,8,15,"Benson",9,2,4,2,"2017-10-22","Saint Pierre and Miquelon","2016-12-15",0,""),
  (2,4,7,"Pacheco",6,1,4,2,"2019-8-4","Seychelles","2018-4-27",0,""),
  (2,6,12,"Garcia",4,2,3,3,"2016-7-4","Taiwan","2018-11-30",1,""),
  (2,5,6,"Morales",3,1,5,2,"2023-8-4","Timor-Leste","2016-9-20",0,""),
  (1,4,20,"Dixon",5,1,4,2,"2021-9-2","Eritrea","2020-12-15",1,""),
  (2,11,19,"Reynolds",5,2,4,2,"2016-1-19","Cambodia","2018-4-14",0,""),
  (1,6,2,"Noble",3,2,2,2,"2022-8-17","Greece","2022-4-8",1,""),
  (2,7,14,"Goff",8,2,4,3,"2016-4-21","United States Minor Outlying Islands","2018-5-23",1,""),
  (2,11,11,"Benton",2,1,2,2,"2016-4-6","Andorra","2022-7-26",0,""),
  (1,3,18,"Gardner",3,1,3,2,"2017-2-28","Tajikistan","2021-5-6",1,""),
  (2,9,9,"Cross",3,2,5,3,"2020-8-14","Viet Nam","2017-7-15",1,""),
  (2,9,8,"Ratliff",7,2,4,3,"2022-8-11","Côte D'Ivoire (Ivory Coast)","2023-7-23",1,""),
  (2,4,3,"Johnson",5,2,5,2,"2019-12-2","Montenegro","2020-8-20",0,""),
  (1,1,17,"Newton",5,1,4,3,"2021-3-31","Kuwait","2016-12-3",0,""),
  (1,11,12,"Pollard",8,1,2,3,"2016-3-15","Saint Helena, Ascension and Tristan da Cunha","2021-6-21",1,""),
  (1,10,1,"Skinner",2,1,1,3,"2016-5-21","Uzbekistan","2019-12-5",1,""),
  (1,8,2,"Reeves",7,1,3,3,"2017-11-24","Chile","2020-10-10",0,""),
  (1,3,17,"Mcguire",6,2,4,2,"2016-3-20","Pakistan","2020-11-6",1,""),
  (1,2,12,"Velazquez",6,2,4,3,"2022-9-30","Qatar","2020-4-6",0,""),
  (2,3,14,"Casey",6,1,4,3,"2023-3-17","Heard Island and Mcdonald Islands","2018-12-24",1,""),
  (2,6,17,"Glass",7,2,2,2,"2016-6-24","Palestine, State of","2021-8-18",1,""),
  (1,8,5,"Daugherty",2,2,5,3,"2021-7-16","Ghana","2016-11-22",1,""),
  (1,3,11,"Doyle",5,2,4,3,"2021-6-2","Viet Nam","2016-12-29",1,""),
  (1,3,8,"Cardenas",6,1,1,3,"2019-7-23","Dominica","2016-11-6",0,""),
  (2,7,12,"Rocha",7,1,2,3,"2021-2-15","Yemen","2020-12-18",0,""),
  (1,2,16,"Head",9,2,5,2,"2016-1-3","Togo","2018-10-7",1,"");

  
INSERT INTO `Bankverbindung` (`IBAN`, `BIC`)
VALUES
  ('DE89370400440532013000', 'COBADEFFXXX'),
  ('FR1420041010050500013M02606', 'CEPAFRPP013'),
  ('ES9121000418450200051332', 'CAIXESBBXXX'),
  ('IT60X0542811101000000123456', 'BPPIITRRXXX'),
  ('GB29NWBK60161331926819', 'NWBKGB2LXXX'),
  ('US34567890123456789012345678901234', 'BOFAUS3NXXX'),
  ('CA135782349570001987', 'BOFMCAM2XXX'),
  ('AU6112345678910123456789012', 'ANZBAU3MXXX'),
  ('JP9012345678901234567890', 'BOTKJPJTXXX'),
  ('IN4923456789012345678901', 'ICICINBBXXX'),
  ('BR8300360305000010009795493P1', 'BRASBRRJXXX'),
  ('RU1234567890123456789012', 'CBRFRUMMXXX'),
  ('CN123456789012345678901', 'BKCHCNBJXXX'),
  ('ZA123456789012345678901', 'ABSAZAJJXXX'),
  ('MX1234567890123456789012345', 'BIMEMXMMXXX'),
  ('AR1234567890123456789012', 'BBVAARBAXXX'),
  ('SE1234567890123456789012', 'NDEASESSXXX'),
  ('CH1234567890123456789', 'UBSWCHZHXXX'),
  ('NO1234567890123', 'DNBANOKKXXX'),
  ('DK1234567890123456', 'DABADKKKXXX');

  
INSERT INTO `Tierarzt` (`Anrede_ID`, `Titel_ID`, `Nationalitaet_ID`, `Vertreten_durch_ID`, `Bankverbindung_ID`, `Vorname`, `Nachname`, `PraxisName`, `Strasse`, `Hausnummer`, `PLZ`, `Ort`, `Telefonnummer_festnetz`, `Telefonnummer_mobil`, `Telefonnummer_fax`, `EMail`, `Im_zoo_seit`, `Bermerkungen`)
VALUES
  (1, 1, 1, NULL, NULL, 'Peter', 'bali', 'Zoo Clinic', 'Tierstraße', 5, '98765', 'Zoostadt', '01234-56789', '98765-43210', '12345-67890', 'zoo.vet@example.com', '2019-04-01', 'Experienced zoo vet'),
  (2, NULL, 2, 1, NULL, 'Sarah', 'Wild', 'Wildlife Clinic', 'Jungle Avenue', 15, '54321', 'Wildlifetown', '01234-56789', '98765-43210', '12345-67890', 'wildlife.vet@example.com', '2021-08-10', 'Specialized in exotic animals'),
  (2, 3, 19, 2, NULL, 'Stefan', 'Doer', 'Pet Care Center', 'Pet Street', 8, '67890', 'Petville', '01234-56789', '98765-43210', '12345-67890', 'pet.doctor@example.com', '2023-05-05', 'Caring for domestic pets'),
  (1, 2, 8, 3, NULL, 'Reiner', 'Beka', 'Ocean Clinic', 'Seafront Road', 25, '87654', 'Oceanville', '01234-56789', '98765-43210', '12345-67890', 'aquatic.vet@example.com', '2020-02-15', 'Specialized in marine animals'),
  (2, NULL, 2, 2, NULL, 'John', 'Doe', 'Skyward Clinic', 'Bird Street', 12, '34567', 'Birdtown', '01234-56789', '98765-43210', '12345-67890', 'avian.expert@example.com', '2022-11-08', 'Focus on avian care'),
  (1, 3, 4, 2, NULL, 'Oliver', 'Reptile Specialist', 'Scales Clinic', 'Desert Avenue', 18, '23456', 'Reptileville', '01234-56789', '98765-43210', '12345-67890', 'reptile.specialist@example.com', '2018-07-20', 'Expert in reptilian medicine'),
  (2, NULL, 1, 5, NULL, 'Steve', 'Jungle Doctor', 'Rainforest Clinic', 'Canopy Street', 30, '76543', 'Jungletown', '01234-56789', '98765-43210', '12345-67890', 'jungle.doctor@example.com', '2022-04-05', 'Specialized in tropical wildlife'),
  (2, 1, 10, 3, NULL, 'Mohammed', 'Farm Animal Vet', 'Farm Clinic', 'Meadow Road', 10, '45678', 'Farmville', '01234-56789', '98765-43210', '12345-67890', 'farm.vet@example.com', '2019-11-12', 'Dedicated to farm animal health'),
  (1, 2, 15, 4, NULL, 'Lester', 'Arctic Vet', 'Polar Clinic', 'Iceberg Street', 22, '54321', 'Arcticville', '01234-56789', '98765-43210', '12345-67890', 'arctic.vet@example.com', '2021-03-22', 'Specialized in Arctic wildlife'),
  (2, NULL, 40, 5, NULL, 'Hans', 'Safari Doctor', 'Savannah Clinic', 'Safari Avenue', 35, '67890', 'Safaritown', '01234-56789', '98765-43210', '12345-67890', 'safari.doctor@example.com', '2020-08-18', 'Focused on safari animals'),
  (1, 3, 30, 6, NULL, 'Jason', 'Mountain Vet', 'Alpine Clinic', 'Summit Road', 16, '78901', 'Mountainville', '01234-56789', '98765-43210', '12345-67890', 'mountain.vet@example.com', '2023-01-30', 'Expertise in mountain-dwelling species'),
  (2, 1, 34, 1, NULL, 'Kate', 'Feline Specialist', 'Cat Clinic', 'Kitty Street', 8, '23456', 'Catville', '01234-56789', '98765-43210', '12345-67890', 'feline.specialist@example.com', '2018-05-10', 'Dedicated to feline health'),
  (2, NULL, 35, 2, NULL, 'Franziska', 'Canine Expert', 'Dog Clinic', 'Paw Avenue', 20, '56789', 'Dogtown', '01234-56789', '98765-43210', '12345-67890', 'canine.expert@example.com', '2021-09-28', 'Focus on canine care'),
  (1, 3, 25, 7, NULL, 'James.', 'Small Animal Vet', 'Petite Clinic', 'Tiny Street', 7, '34567', 'Petiteville', '01234-56789', '98765-43210', '12345-67890', 'small.animal.vet@example.com', '2023-08-05', 'Specialized in small animals'),
  (1, 2, 12, 8, NULL, 'Sam', 'Elephant Doctor', 'Jumbo Clinic', 'Giant Road', 40, '45678', 'Elephantville', '01234-56789', '98765-43210', '12345-67890', 'elephant.doctor@example.com', '2019-12-15', 'Expert in elephant medicine');
  
  
INSERT INTO `Tier-Gehege` (Gehege_ID,Tier_ID,von)
VALUES
  (8,92,"2021-10-17"),
  (23,77,"2021-5-23"),
  (21,47,"2021-3-1"),
  (30,89,"2021-5-18"),
  (15,29,"2021-11-3"),
  (19,57,"2022-1-14"),
  (30,7,"2021-3-14"),
  (6,89,"2021-10-30"),
  (13,44,"2022-2-1"),
  (11,10,"2021-9-7"),
  (8,60,"2022-2-9"),
  (19,16,"2021-4-21"),
  (13,91,"2022-1-18"),
  (22,71,"2021-6-19"),
  (22,50,"2021-11-19"),
  (2,1,"2021-7-9"),
  (30,51,"2022-1-11"),
  (24,81,"2022-1-24"),
  (25,99,"2021-7-26"),
  (7,61,"2021-7-23"),
  (26,25,"2021-5-13"),
  (20,9,"2022-1-22"),
  (25,85,"2022-1-25"),
  (2,88,"2021-11-2"),
  (1,11,"2021-10-20"),
  (26,68,"2021-11-18"),
  (17,14,"2022-1-25"),
  (7,37,"2022-1-28"),
  (24,45,"2021-8-27"),
  (18,66,"2021-8-23"),
  (23,55,"2021-2-13"),
  (27,2,"2022-1-27"),
  (6,83,"2021-7-6"),
  (4,74,"2021-11-26"),
  (24,94,"2021-11-1"),
  (24,22,"2021-3-27"),
  (1,53,"2021-3-24"),
  (10,73,"2021-9-28");


INSERT INTO Tierhistorie (Tier_ID,von,bis,Station,Bemerkungen)
VALUES
  (21,"2021-1-24","2023-4-25","Motueka","ullamcorper viverra. Maecenas iaculis aliquet"),
  (12,"2014-8-20","2024-2-4","Henan","Aliquam auctor, velit eget laoreet"),
  (62,"2021-10-29","2023-7-29","Istanbul","aliquet. Proin velit. Sed malesuada augue ut"),
  (69,"2021-3-5","2024-2-7","Bayswater","nunc, ullamcorper eu, euismod ac, fermentum"),
  (53,"2011-10-23","2023-2-24","Western Water Catchment","dui nec"),
  (7,"2021-11-16","2023-7-2","Burlington","id, ante. Nunc mauris sapien,"),
  (79,"2013-7-19","2023-12-14","Zaporizhzhia","lacus. Nulla tincidunt, neque vitae semper egestas,"),
  (43,"2016-5-1","2024-1-18","Dublin","magna. Lorem ipsum dolor sit amet, consectetuer adipiscing"),
  (11,"2016-3-28","2023-10-12","Wolfsberg","non massa non ante bibendum ullamcorper. Duis"),
  (77,"2015-10-22","2023-12-22","Shigar","ac,"),
  (27,"2017-10-15","2024-2-11","Hoogeveen","velit eu sem. Pellentesque ut ipsum ac mi eleifend"),
  (13,"2018-11-9","2023-12-29","Okene","ac ipsum. Phasellus vitae"),
  (95,"2011-12-18","2023-11-18","Phan Thiết","accumsan convallis, ante lectus convallis est, vitae"),
  (80,"2016-7-31","2023-3-8","Windsor","eu, ultrices sit"),
  (92,"2021-11-18","2023-4-2","Trevignano Romano","nibh. Donec est mauris, rhoncus id,"),
  (95,"2014-2-14","2024-2-16","Chungju","mi felis, adipiscing fringilla, porttitor"),
  (17,"2015-5-18","2023-8-6","Phong Thổ","mi, ac mattis"),
  (21,"2020-1-17","2023-9-18","Heide","risus. Duis a mi fringilla mi lacinia mattis. Integer"),
  (38,"2014-11-3","2023-9-25","Wolfsberg","dignissim magna a"),
  (28,"2012-11-10","2023-8-14","Tlaquepaque","et tristique pellentesque, tellus sem mollis dui, in"),
  (41,"2020-4-5","2023-9-9","San Rafael","urna. Vivamus molestie"),
  (39,"2019-8-24","2024-2-10","Gwangyang","lacus. Aliquam"),
  (37,"2010-2-26","2023-8-22","Cambridge","quam vel"),
  (6,"2015-10-27","2023-5-8","Kitimat","ridiculus mus. Proin vel nisl. Quisque fringilla euismod"),
  (13,"2015-2-3","2024-1-13","Buner","mauris sagittis placerat. Cras dictum ultricies ligula. Nullam"),
  (78,"2015-8-14","2023-9-15","Berwick","Nullam vitae diam. Proin dolor. Nulla semper"),
  (69,"2011-5-14","2023-12-16","Bevagna","purus sapien,"),
  (87,"2016-1-17","2023-2-24","Imst","Aliquam vulputate ullamcorper magna. Sed eu eros. Nam"),
  (31,"2018-10-31","2024-2-10","Badajoz","amet lorem semper auctor. Mauris vel turpis."),
  (21,"2020-9-15","2023-8-1","Ulundi","Nunc ac sem"),
  (96,"2013-5-10","2023-3-12","Hereford","Nunc ullamcorper, velit in aliquet lobortis, nisi nibh lacinia"),
  (66,"2014-3-15","2023-4-26","Emalahleni","enim, sit amet ornare lectus justo eu arcu. Morbi"),
  (12,"2018-1-30","2023-4-1","Dir","lacus. Cras interdum. Nunc"),
  (54,"2019-10-6","2023-11-25","Limón (Puerto Limón]","morbi tristique senectus et netus"),
  (23,"2020-4-24","2023-9-5","Chapadinha","erat eget ipsum. Suspendisse sagittis. Nullam vitae diam. Proin dolor."),
  (41,"2013-1-9","2023-11-25","Dublin","magna. Phasellus dolor elit, pellentesque a, facilisis"),
  (51,"2020-6-30","2023-2-26","Acquafredda","cursus non, egestas a, dui. Cras pellentesque. Sed"),
  (23,"2019-12-5","2023-8-26","Wals-Siezenheim","porttitor interdum. Sed auctor"),
  (96,"2016-5-24","2023-12-30","Đà Nẵng","nunc. Quisque ornare tortor at risus. Nunc ac"),
  (53,"2013-6-30","2023-2-8","Nizamabad","sit amet orci. Ut sagittis lobortis mauris. Suspendisse"),
  (24,"2020-4-2","2023-8-28","Birecik","magna. Nam ligula elit, pretium"),
  (78,"2015-4-30","2023-10-30","Cape Town","vitae erat vel pede blandit congue. In scelerisque scelerisque dui."),
  (84,"2017-1-22","2023-6-6","Cork","Aliquam nisl."),
  (70,"2012-6-4","2023-11-4","Sortland","blandit viverra. Donec tempus, lorem fringilla ornare placerat, orci"),
  (43,"2014-1-29","2023-5-8","Motueka","auctor, nunc nulla"),
  (14,"2011-1-9","2024-12-31","Klintsy","varius. Nam porttitor scelerisque neque. Nullam nisl. Maecenas malesuada"),
  (54,"2010-4-15","2023-8-3","Limón (Puerto Limón]","nec, diam. Duis mi"),
  (22,"2018-11-7","2023-11-14","Bhimber","Donec nibh. Quisque nonummy ipsum"),
  (54,"2015-1-12","2023-10-24","Ludvika","Aliquam ornare, libero at auctor ullamcorper,"),
  (34,"2014-6-24","2023-7-26","Tianjin","nec mauris blandit mattis."),
  (51,"2013-2-15","2024-2-20","Risør","amet, consectetuer adipiscing elit. Curabitur sed tortor. Integer"),
  (56,"2020-6-15","2023-12-30","Zweibrücken","urna. Ut tincidunt vehicula risus."),
  (54,"2015-1-17","2023-11-28","Westport","semper et, lacinia vitae,"),
  (6,"2011-2-1","2023-11-16","Arequipa","lacinia vitae, sodales at, velit. Pellentesque ultricies dignissim lacus."),
  (2,"2019-3-27","2023-3-20","Lidingo","sem egestas"),
  (52,"2010-4-4","2024-2-6","Hammerfest","sem egestas blandit. Nam"),
  (71,"2011-5-8","2023-10-24","Changi Bay","tortor, dictum"),
  (53,"2018-4-8","2023-10-13","Quy Nhơn","nascetur ridiculus mus. Proin vel nisl. Quisque fringilla"),
  (21,"2013-10-5","2023-3-6","Bogotá","adipiscing lacus. Ut nec urna et arcu"),
  (41,"2012-9-3","2023-7-23","Kędzierzyn-Koźle","Ut semper pretium neque."),
  (95,"2010-4-27","2023-11-7","Armadale","Pellentesque tincidunt tempus risus. Donec"),
  (85,"2019-2-20","2023-5-11","Polcenigo","non, feugiat nec, diam. Duis mi"),
  (6,"2021-1-14","2023-7-3","Umlazi","diam."),
  (65,"2012-2-22","2023-8-11","Darwin","Suspendisse sagittis. Nullam vitae diam. Proin dolor. Nulla"),
  (28,"2013-4-17","2023-11-4","Trondheim","parturient montes, nascetur"),
  (29,"2016-7-2","2023-2-14","Daegu","amet ante. Vivamus non"),
  (62,"2014-6-16","2023-7-6","Tuluá","Ut tincidunt orci"),
  (3,"2012-4-11","2023-11-8","Mildura","Curabitur"),
  (53,"2015-2-24","2023-10-23","San Pablo","magna a neque. Nullam ut"),
  (23,"2016-12-7","2023-11-14","Halle","diam. Proin dolor. Nulla"),
  (62,"2021-3-24","2023-10-29","Ternopil","nisi. Mauris nulla. Integer"),
  (53,"2013-7-3","2023-7-20","Kassel","dui. Cum sociis natoque penatibus"),
  (64,"2010-7-9","2023-9-11","Siquirres","ac nulla. In tincidunt congue turpis. In condimentum."),
  (94,"2016-3-4","2023-10-18","Kristiansund","Cras interdum. Nunc sollicitudin commodo ipsum."),
  (88,"2013-9-22","2023-7-21","Lim Chu Kang","leo elementum sem, vitae aliquam eros turpis"),
  (14,"2021-5-26","2023-11-3","Zielona Góra","sem ut dolor dapibus gravida."),
  (65,"2014-8-6","2023-4-26","Rockville","placerat, orci lacus vestibulum lorem, sit amet ultricies"),
  (64,"2014-1-17","2023-12-23","Porsgrunn","Mauris non dui nec urna"),
  (56,"2014-2-4","2023-3-31","Suncheon","orci. Phasellus dapibus quam"),
  (37,"2015-7-26","2023-3-28","Kraków","justo. Praesent luctus. Curabitur egestas nunc sed libero."),
  (73,"2019-1-11","2023-11-27","Vĩnh Long","dapibus ligula. Aliquam erat"),
  (30,"2021-6-23","2023-2-19","Hà Giang","Donec tempor, est"),
  (76,"2010-5-21","2023-11-16","Seogwipo","egestas ligula. Nullam feugiat placerat velit. Quisque varius."),
  (20,"2012-8-25","2023-3-24","Machynlleth","Curae Phasellus ornare. Fusce mollis. Duis sit amet diam"),
  (43,"2012-2-18","2024-1-26","Poznań","pellentesque a, facilisis non, bibendum sed, est. Nunc laoreet"),
  (20,"2010-7-29","2023-7-27","Hertsberge","nisi a odio semper"),
  (62,"2012-9-11","2023-7-29","Marystown","Suspendisse ac metus vitae velit"),
  (91,"2018-10-28","2023-5-19","Chimbote","faucibus leo, in lobortis tellus justo sit"),
  (84,"2015-6-22","2023-11-30","Glossop","nunc nulla vulputate dui, nec tempus mauris"),
  (45,"2014-7-22","2024-12-31","San Gregorio","quam. Curabitur"),
  (20,"2016-6-5","2023-8-16","Şanlıurfa","at pretium"),
  (25,"2011-1-11","2023-11-30","Vienna","nisl arcu iaculis"),
  (9,"2021-7-17","2023-7-5","Tortel","dolor. Fusce mi lorem, vehicula et, rutrum eu, ultrices sit"),
  (22,"2022-1-20","2023-5-12","Çarşamba","fringilla est."),
  (26,"2010-9-12","2023-7-11","Zielona Góra","vitae, aliquet nec, imperdiet nec, leo. Morbi neque"),
  (37,"2010-8-29","2023-8-23","San Ignacio","euismod mauris eu elit."),
  (30,"2020-5-25","2023-3-3","Greater Hobart","neque venenatis lacus. Etiam bibendum fermentum"),
  (26,"2019-1-31","2023-10-10","Tejar","Nam porttitor scelerisque neque. Nullam nisl. Maecenas malesuada fringilla est."),
  (89,"2020-12-12","2023-3-8","Saintes","aliquet libero."),
  (17,"2018-11-26","2023-4-1","Kurram Agency","Nam ac");

  
INSERT INTO `Besucher_typ` (`Besucher_typ`)
VALUES
  ('Erwachsener'),
  ('Kind'),
  ('Rentner'),
  ('Student');
  
  
  INSERT INTO `Besucher` (`Besucher_typ`, `Nationalitaet_ID`, `Tierpate`, `Vorname`, `Nachname`, `Strasse`, `Hausnummer`, `PLZ`, `Ort`, `EMail`)
  VALUES
  (2,41,0,"Rhoda","Lang","3990 Pede, St.",66,28684,"Saarlouis","commodo.at.libero@hotmail.net"),
  (3,38,1,"Dorian","Compton","915-4266 Convallis Road",51,32034,"Burnie","dapibus.rutrum.justo@hotmail.edu"),
  (3,3,0,"Carissa","Dawson","P.O. Box 859, 8818 Nam Rd.",45,40003,"Timaukel","ut.pellentesque@google.org"),
  (1,5,0,"Callie","Burnett","P.O. Box 261, 7256 Massa. St.",66,56709,"Veracruz","ultrices@protonmail.edu"),
  (1,39,1,"Chadwick","Burgess","Ap #272-9125 Ultrices. Street",9,49950,"Guizhou","euismod.ac.fermentum@aol.com"),
  (2,10,0,"Gillian","Moran","P.O. Box 257, 4196 Massa Av.",41,46113,"Kumluca","nam.nulla@hotmail.couk"),
  (3,13,1,"Lillian","Mcdowell","912-9832 Aliquam Av.",20,26903,"Thủ Dầu Một","in.faucibus.orci@hotmail.edu"),
  (3,35,0,"Ima","Johnston","686-3268 Mi Avenue",58,55015,"Trujillo","consectetuer.adipiscing@aol.couk"),
  (1,4,0,"Rooney","Pierce","P.O. Box 563, 3618 Lectus Avenue",13,42790,"Palu","amet.ornare@yahoo.com"),
  (2,6,1,"Patience","Mathews","Ap #305-1263 Imperdiet, Road",39,55103,"Curarrehue","lectus.cum@icloud.edu"),
  (4,22,1,"Fletcher","Edwards","3586 Magnis Street",32,11489,"Bunbury","sit.amet@icloud.edu"),
  (1,3,1,"Victoria","Blackwell","874-2552 Cras Av.",51,21492,"Anzegem","malesuada@icloud.edu"),
  (1,28,1,"MacKenzie","Graves","Ap #983-6628 Non Rd.",17,61622,"Tame","suscipit.nonummy.fusce@hotmail.couk"),
  (3,4,1,"Lareina","Albert","1997 Magna. Road",54,57330,"Ibagué","vitae.orci@outlook.net"),
  (2,28,1,"Cyrus","Ortiz","497-1534 Dui Street",31,58212,"Uberaba","suscipit.est.ac@google.com"),
  (1,44,0,"Heather","Mccray","753-462 Et, Rd.",20,44032,"Milton Keynes","vitae.purus.gravida@aol.org"),
  (2,29,0,"Baxter","Skinner","6881 Tristique Ave",3,27346,"Delft","augue@hotmail.edu"),
  (2,47,0,"Jaime","Blackwell","536-2460 Orci, Rd.",12,33433,"Yongin","pharetra.sed.hendrerit@aol.couk"),
  (3,41,0,"Ali","Leonard","800-5731 Iaculis St.",47,77571,"Navojoa","laoreet.posuere@protonmail.ca"),
  (3,38,1,"Gretchen","Ford","191-6096 Donec Avenue",27,49064,"Arnhem","aliquam.erat.volutpat@protonmail.couk"),
  (2,32,1,"Victor","Harmon","9758 Metus. Ave",44,60577,"Konotop","ante.nunc@hotmail.com"),
  (2,7,1,"Aurelia","Whitney","Ap #313-9418 Nec Av.",33,25914,"Ludvika","leo@yahoo.net"),
  (2,15,1,"Amela","Mcmillan","Ap #563-8271 Lorem Street",30,40405,"Palena","sodales@aol.org"),
  (3,10,1,"Keely","Kline","Ap #356-4009 Curabitur Avenue",8,40228,"Chimbote","aliquam.rutrum.lorem@outlook.ca"),
  (3,2,1,"Armando","Wolfe","P.O. Box 190, 6985 Ultrices. Road",39,36170,"San Pablo","auctor.mauris@google.edu"),
  (2,8,0,"Warren","Prince","Ap #311-2784 Augue Av.",20,27594,"Anápolis","sed.eget.lacus@outlook.net"),
  (1,10,0,"Xenos","Heath","669-370 Sapien. Road",31,53432,"GomzŽ-Andoumont","quam.elementum@yahoo.ca"),
  (2,24,1,"Kylan","Travis","P.O. Box 307, 8560 Nec Road",44,54306,"Irapuato","proin@hotmail.ca"),
  (4,42,1,"Angelica","Acevedo","961-8254 Nec, Av.",27,77341,"Uzhhorod","mi@protonmail.net"),
  (4,46,0,"Lars","Rowland","315-2985 Luctus Rd.",42,44668,"Tarragona","fringilla.cursus.purus@protonmail.ca"),
  (3,1,0,"Grant","Fry","175-6611 Fringilla. Av.",44,13086,"Cajazeiras","nulla.cras@outlook.com"),
  (2,28,1,"Cameron","Carey","5092 Nec Avenue",16,27239,"Melilla","ac.mattis@protonmail.org"),
  (1,7,1,"Bryar","Hopkins","963 Aliquam Street",66,26004,"Cheltenham","tellus@protonmail.ca"),
  (2,16,0,"Samson","Little","642-5616 Eu Rd.",57,38602,"Guangxi","erat@outlook.org"),
  (2,28,0,"Wesley","Maxwell","P.O. Box 121, 2802 Eu Rd.",37,41030,"Puerto Colombia","vitae.erat.vel@hotmail.org"),
  (4,44,0,"Stacy","Richardson","3498 Phasellus Rd.",60,57642,"Devonport","venenatis.a@outlook.net"),
  (3,13,0,"William","Moon","154-9870 Elit, St.",40,42329,"San Juan de la Costa","mattis.velit@yahoo.com"),
  (3,31,1,"Vivian","Langley","9903 Nascetur Av.",51,22217,"Sembawang","dui.fusce@icloud.edu"),
  (3,38,1,"Arden","Hartman","Ap #666-7352 Purus Road",26,37831,"San Chirico Nuovo","est@hotmail.org"),
  (1,3,1,"Geraldine","Goodman","P.O. Box 905, 1469 Commodo Road",28,38128,"Liaoning","metus@aol.couk"),
  (4,45,1,"Hayley","Coffey","841-8341 Cras Av.",30,54814,"Marilles","in.nec@icloud.com"),
  (1,40,0,"Elizabeth","Hines","4628 Eros St.",24,68938,"Canberra","imperdiet.non@outlook.com"),
  (1,18,0,"Cheryl","Barber","Ap #130-136 Odio St.",41,54052,"Kaluga","eros@yahoo.org"),
  (2,43,1,"Cadman","Pearson","Ap #770-7417 Sodales Rd.",3,24419,"Cabo de Hornos","venenatis@aol.net"),
  (3,47,1,"Cynthia","Gates","Ap #504-7918 Gravida Road",16,43262,"Dublin","dictum.cursus@aol.couk"),
  (4,46,1,"Quail","Richard","4634 In Rd.",4,75650,"Đồng Xoài","non@yahoo.ca"),
  (2,29,0,"Morgan","Kirby","P.O. Box 488, 3536 Vel Rd.",58,32855,"Ladysmith","ullamcorper@yahoo.edu"),
  (4,21,1,"Keefe","Larson","P.O. Box 634, 1655 Neque Ave",65,33748,"Manokwari","eros.nec@yahoo.net"),
  (2,40,1,"Demetria","Delgado","596-3641 Semper. Ave",5,29340,"Phan Rang–Tháp Chàm","et@google.couk"),
  (2,11,0,"Coby","Nixon","P.O. Box 896, 4941 Orci. Street",66,51599,"Galway","dignissim.lacus.aliquam@aol.com"),
  (3,15,0,"Astra","Martinez","911-8690 Diam Street",50,45634,"Pereira","feugiat.metus.sit@hotmail.couk"),
  (1,40,1,"Audrey","Maddox","502-6219 Turpis St.",25,40071,"Tân An","elit@protonmail.org"),
  (2,32,0,"Bianca","Donaldson","168-3942 Arcu Road",7,37299,"Çermik","eu.euismod.ac@hotmail.org"),
  (1,16,0,"Maggie","Dunn","Ap #797-3339 Enim Avenue",12,13778,"Mazatlán","mauris@hotmail.net"),
  (2,40,0,"Tatum","Blevins","Ap #871-5947 Posuere, Street",29,17193,"Pune","nam.tempor@aol.couk"),
  (2,8,0,"Amela","Daugherty","Ap #259-4592 Eget St.",62,31070,"Potchefstroom","duis.risus@aol.com"),
  (2,15,0,"Kasimir","Boone","893-7902 Leo Avenue",21,68557,"Flin Flon","sapien.cursus.in@hotmail.edu"),
  (4,22,0,"Callum","Reynolds","350-8359 Dapibus Avenue",67,64472,"Armidale","orci.in@yahoo.couk"),
  (2,45,1,"Lev","Mcmahon","P.O. Box 856, 2015 Velit St.",39,55790,"Trujillo","urna.convallis@icloud.org"),
  (3,20,0,"Davis","Norman","Ap #606-527 Dapibus Rd.",65,36342,"Edremit","odio.semper.cursus@google.org"),
  (3,15,0,"Belle","Henderson","4047 Suspendisse Street",8,73752,"Hồ Chí Minh City","nunc.ac@hotmail.edu"),
  (2,28,1,"Cora","Stafford","562-3376 Vel Street",9,51737,"Biała Podlaska","porttitor@yahoo.ca"),
  (2,19,0,"Macon","Fleming","863-2739 Congue Ave",29,73411,"Hong Kong","fringilla.mi@hotmail.couk"),
  (1,49,1,"Cullen","Long","Ap #545-7292 In Ave",8,28935,"Huesca","mi.lorem@google.com"),
  (1,50,0,"Damon","Acosta","1708 Id, Rd.",42,46405,"Gävle","non@icloud.edu"),
  (1,41,0,"Elvis","Bright","792 Nullam Rd.",25,29544,"San Cristóbal de la Laguna","metus@hotmail.net"),
  (1,16,0,"Quinn","Barnett","P.O. Box 629, 3742 Massa. Av.",4,67958,"Kaluga","dolor.elit@outlook.couk"),
  (1,18,0,"Gage","Spence","178-906 A Avenue",14,44304,"Mérida","nunc.sed@aol.couk"),
  (4,43,1,"Zachery","Vincent","Ap #672-4142 Donec Av.",60,69308,"Kitscoty","dignissim@yahoo.net"),
  (1,44,1,"Maggie","Carroll","5705 Ante. Rd.",51,17852,"Palmerston","nec.mollis.vitae@outlook.ca"),
  (2,29,1,"Tara","Perkins","802-4935 Nec St.",9,35395,"Yamuna Nagar","libero.nec@hotmail.edu"),
  (3,10,0,"Reece","Peck","Ap #946-4319 Mus. Road",68,15318,"Londerzeel","auctor.nunc@yahoo.couk"),
  (3,6,1,"Ian","Hobbs","691-5318 Nullam Ave",62,39778,"Villahermosa","felis.orci.adipiscing@google.couk"),
  (2,40,0,"Yuri","Case","Ap #533-7877 Lobortis Street",55,39748,"Galway","mus.donec@protonmail.net"),
  (1,45,0,"Brianna","Robbins","402-6232 Malesuada Ave",32,55378,"Marina South","lectus.ante.dictum@outlook.edu"),
  (3,30,1,"Fleur","Browning","Ap #128-9745 Nunc. Street",33,34164,"Toledo","tristique.neque.venenatis@google.org"),
  (3,14,1,"Brenda","Mcleod","Ap #456-5737 Augue Street",54,20291,"Sierra Gorda","dolor.vitae@yahoo.couk"),
  (3,29,1,"Charles","Davenport","9244 Dictum. St.",65,55915,"Tarsus","tristique.neque.venenatis@hotmail.net"),
  (4,47,0,"Boris","Gaines","Ap #864-8887 Aliquam Road",53,71652,"Devonport","penatibus@google.net"),
  (4,41,1,"Rashad","Cantrell","1953 Dolor. Avenue",14,21821,"Puerto Princesa","quam.pellentesque@aol.edu"),
  (3,18,0,"Margaret","Tran","Ap #561-8683 Non Road",58,54036,"Ockelbo","vivamus.euismod@yahoo.com"),
  (3,50,1,"John","Cash","Ap #242-5383 Sollicitudin Street",46,73874,"Fort Wayne","aliquet.nec.imperdiet@aol.edu"),
  (3,4,1,"Ella","Barber","Ap #661-6023 Ultrices. St.",17,33231,"Maranguape","rutrum.urna@icloud.ca"),
  (2,40,0,"Mia","Wood","958-8897 Sit Road",48,11887,"Geelong","integer.mollis@outlook.com"),
  (2,19,1,"Candace","Morin","8841 Cursus. Av.",33,27249,"Levanger","in.felis@outlook.couk"),
  (1,41,1,"Amity","Richards","Ap #537-6045 Cursus. St.",65,44736,"Gyeongsan","praesent.eu.dui@yahoo.edu"),
  (4,28,0,"Nasim","Cummings","515-9568 Mi. Street",14,45046,"Dublin","dictum@protonmail.edu"),
  (2,20,1,"Chaim","Ortiz","Ap #225-8605 Dolor. Rd.",66,43225,"Stargard Szczeciński","eget@outlook.edu"),
  (3,26,0,"Orson","Santiago","P.O. Box 212, 2031 Porttitor Rd.",67,42878,"Cartago","orci.lacus@google.edu"),
  (3,46,0,"Christine","Dixon","7279 Ornare Street",67,48245,"Tomsk","phasellus.dapibus@protonmail.couk"),
  (4,33,1,"Emery","Parsons","1502 Proin Ave",41,77278,"Gingoog","egestas.duis@hotmail.couk"),
  (4,48,1,"Liberty","Rhodes","Ap #281-1348 Scelerisque Ave",66,37839,"Quesada","etiam.gravida.molestie@yahoo.ca"),
  (4,9,0,"Cameran","Rowe","889-5724 Velit St.",11,33585,"Kallang","vitae.posuere@hotmail.org"),
  (3,40,0,"Galvin","Rosario","280-1010 Donec St.",44,40002,"Bothey","mi.fringilla.mi@hotmail.couk"),
  (1,44,0,"Marny","Sharpe","703-2059 Senectus Avenue",53,74030,"Quy Nhơn","metus.in@google.com"),
  (3,15,0,"Emmanuel","Holt","Ap #431-1875 Dui. Rd.",27,34903,"Feldkirch","hendrerit.id.ante@aol.com"),
  (4,33,0,"Claudia","Ramsey","Ap #685-6948 Dictum St.",57,41259,"Mitú","ullamcorper.magna.sed@hotmail.ca"),
  (4,23,1,"Whitney","Lloyd","517-4820 Sed Ave",34,52708,"Homburg","molestie@outlook.edu"),
  (4,18,1,"Graham","Rowland","2706 Nunc Rd.",21,27712,"Jiangsu","semper.pretium@google.edu"),
  (3,41,1,"Hashim","Nguyen","Ap #555-7530 Rhoncus. Road",55,62003,"Tianjin","nec.ante@hotmail.ca"),
  (2,26,1,"Wylie","Perry","319-6162 A, Rd.",50,19513,"Gore","scelerisque@hotmail.org"),
  (2,42,1,"Justine","Atkinson","Ap #146-6058 Magnis St.",50,24157,"Mala","donec@hotmail.net"),
  (4,38,0,"Breanna","Bates","Ap #636-5055 Nullam Street",53,18217,"Gansu","erat.vitae@yahoo.com"),
  (3,45,0,"Giselle","Campos","Ap #653-8367 Adipiscing Rd.",33,53516,"Cork","facilisis.non@outlook.couk"),
  (3,38,0,"Shelby","Snyder","Ap #332-3276 Cras Ave",35,61764,"Presteigne","ultricies.sem.magna@icloud.ca"),
  (4,35,0,"Lara","Sykes","P.O. Box 416, 2066 Tortor. Rd.",24,67083,"Corral","cursus.in@protonmail.edu"),
  (2,43,0,"Amela","Leach","Ap #489-2706 At, Rd.",34,25766,"Panguipulli","curabitur.vel@google.couk"),
  (2,16,1,"Lester","Wilkinson","Ap #398-3335 Nec Avenue",32,52136,"Puntarenas","quam.dignissim.pharetra@yahoo.org"),
  (2,11,1,"Blaze","Wiley","Ap #339-1149 Curabitur St.",51,29962,"Western Islands","massa.rutrum@hotmail.com"),
  (2,39,0,"Noble","Duncan","P.O. Box 508, 7321 Mauris Ave",25,45015,"Temuka","mauris.suspendisse@yahoo.ca"),
  (3,4,1,"Asher","Dunn","787-9804 Tempus Av.",8,30067,"Queilén","posuere.enim.nisl@aol.edu"),
  (2,47,1,"Rana","Hansen","P.O. Box 705, 279 Tristique Avenue",30,44073,"Erciş","neque@protonmail.edu"),
  (3,45,1,"Hannah","Welch","607-6441 Eu Street",22,69871,"Beypazarı","augue.ut.lacus@outlook.org"),
  (2,3,0,"Rebecca","Lucas","7034 Euismod Ave",14,52667,"Mount Gambier","vulputate.nisi.sem@aol.net"),
  (1,8,0,"Amber","Yates","900-3886 Nonummy Ave",14,35431,"Owerri","arcu.sed@aol.org"),
  (4,6,0,"Quail","Carpenter","1253 At Ave",9,50178,"Bath","dui.cum.sociis@hotmail.couk"),
  (4,36,0,"Kirk","Leblanc","Ap #484-9473 Et, Av.",48,14029,"Alto Hospicio","eu.euismod.ac@hotmail.com"),
  (3,15,0,"Tanner","Jennings","526-7385 Justo Avenue",38,30977,"L'Hospitalet de Llobregat","penatibus.et@google.couk"),
  (2,26,0,"Alden","May","8532 Proin St.",41,35242,"Aserrí","in.tincidunt@google.couk"),
  (3,21,1,"Barrett","Goodwin","571-2566 A Ave",32,52139,"Palmerston North","sit@yahoo.com"),
  (3,26,1,"Timon","Pruitt","937 Elementum Rd.",19,76057,"Balsas","et.netus@hotmail.com"),
  (3,2,0,"Gareth","Middleton","5962 Dui, St.",57,51557,"Tanjung Pinang","fermentum@yahoo.org"),
  (4,49,0,"Gray","Barrett","Ap #925-6166 Pede. Road",68,22091,"Qinghai","semper@outlook.ca"),
  (2,11,0,"Jerry","Morris","974-4326 Consectetuer Avenue",45,54031,"Dublin","mauris.eu@aol.net"),
  (2,3,1,"Uma","Reynolds","484-2389 Venenatis Avenue",23,53268,"Antakya","id.risus@hotmail.ca"),
  (4,26,1,"Forrest","Olson","Ap #807-7504 Risus. Rd.",7,24866,"Heusden","odio.etiam@yahoo.edu"),
  (3,29,1,"Lacota","Morgan","201-7315 Ligula Avenue",5,31832,"Buxton","fringilla.euismod.enim@hotmail.net"),
  (2,22,0,"Mia","Ball","457-417 Mauris. Av.",63,62368,"Samal","nec.malesuada.ut@aol.edu"),
  (1,1,0,"Quon","English","165-2570 Convallis Street",48,22351,"Stonewall","molestie@hotmail.org"),
  (1,12,1,"Judith","Hays","Ap #577-6628 Sed St.",49,42757,"Stonewall","egestas.blandit@icloud.couk"),
  (3,18,1,"Hannah","Ballard","P.O. Box 279, 5851 Fermentum St.",55,28038,"Bastia","a.felis.ullamcorper@hotmail.net"),
  (3,17,1,"Germaine","Kline","P.O. Box 196, 4560 A Ave",8,69052,"Alençon","et@icloud.org"),
  (3,11,0,"Zenia","Bernard","Ap #464-8865 Lorem Ave",38,36767,"Springs","metus.in@outlook.edu"),
  (2,25,1,"Gay","David","755-4861 Etiam St.",53,26987,"Trondheim","sagittis.augue.eu@aol.couk"),
  (1,38,0,"Merrill","Ward","294-7841 Bibendum Street",23,41709,"Bruck an der Mur","gravida.non@protonmail.org"),
  (1,19,1,"Hanna","Gibbs","571-8725 Enim St.",23,31190,"Kharan","integer.mollis@hotmail.edu"),
  (1,43,1,"Cecilia","Coleman","Ap #473-5023 Sem. Avenue",41,40537,"Windsor","non@protonmail.com"),
  (3,5,0,"Joelle","Oliver","Ap #424-7799 Non, Avenue",51,40489,"Dole","ultrices.sit@icloud.edu"),
  (3,11,1,"Jack","Wheeler","254-9137 Donec Road",10,67349,"Tomsk","duis@hotmail.org"),
  (4,45,1,"Cara","Hinton","P.O. Box 455, 2216 Luctus Rd.",67,14278,"Henan","dui@hotmail.com"),
  (4,5,1,"Nora","Oneil","Ap #293-1507 Fusce Ave",61,57881,"Boryspil","fusce.mi@protonmail.com"),
  (2,31,1,"Yolanda","Lowery","Ap #586-6862 Gravida Rd.",40,68542,"Maule","facilisis.eget.ipsum@hotmail.com"),
  (1,19,0,"Irene","Hayes","2409 Pellentesque, Rd.",9,69349,"Bishan","fusce.diam@outlook.org"),
  (1,41,0,"Fulton","Christian","Ap #328-5744 Eget, Rd.",11,29923,"Casciana Terme","tempus.non.lacinia@google.couk"),
  (3,33,0,"Yoshi","Barrera","3554 Vehicula. Av.",39,70454,"Chimbarongo","vivamus@protonmail.com"),
  (3,44,1,"Bertha","Becker","6346 A Rd.",7,51816,"Devonport","iaculis.odio.nam@yahoo.couk"),
  (2,24,1,"Amos","Phillips","921-6834 Turpis. Rd.",37,48534,"Guadalupe","facilisis.vitae@yahoo.org"),
  (4,17,1,"Neville","Church","Ap #582-2590 Lectus Road",7,75710,"Waiblingen","tellus.justo@icloud.couk"),
  (3,10,1,"Hermione","Ramirez","Ap #406-2451 Vestibulum Rd.",29,50673,"Allahabad","semper.erat.in@aol.com"),
  (4,50,1,"Pandora","Nguyen","Ap #641-4041 Consectetuer Road",50,35557,"Bukit Batok","lorem.auctor.quis@yahoo.com"),
  (4,8,0,"Aurora","Sanchez","791-7457 Pharetra. Rd.",23,53871,"Zhejiang","tincidunt.orci@icloud.net"),
  (2,46,1,"Nehru","Buchanan","454-1898 Ipsum Rd.",41,35930,"Montague","proin.nisl.sem@protonmail.ca"),
  (3,41,1,"Damon","Bean","177-6545 Mollis St.",57,61992,"Aserrí","pharetra.quisque@icloud.org"),
  (2,9,0,"Desirae","Pitts","P.O. Box 719, 8127 Purus Rd.",33,15336,"Mesa","varius.ultrices@icloud.edu"),
  (3,32,1,"Alea","Douglas","Ap #857-5353 Nibh Rd.",13,36384,"Førde","leo@protonmail.couk"),
  (1,49,1,"Jamal","Ballard","726-4596 Lacinia Road",9,43186,"Secunda","a.neque@yahoo.edu"),
  (3,21,0,"Eugenia","Chapman","949-6845 Velit. Avenue",17,49193,"Qinghai","ac@icloud.edu"),
  (4,49,0,"Brenda","Steele","Ap #574-2860 Ac Street",20,48892,"Milestone","eu.placerat@google.couk"),
  (1,15,1,"Nomlanga","Ferrell","507-7027 Cursus Rd.",69,38094,"Radom","ullamcorper.velit@icloud.edu"),
  (1,29,1,"Kennedy","Ortega","Ap #323-7630 Pede, Avenue",1,26161,"Nancy","tincidunt.aliquam@protonmail.edu"),
  (2,11,0,"Alexis","Ochoa","937-8236 Sit St.",49,67460,"Salvirola","mauris.elit.dictum@google.ca"),
  (2,41,0,"Ulric","Sharpe","686-4700 Curae St.",67,11255,"Eindhout","quis.pede.suspendisse@outlook.org"),
  (3,41,1,"Kieran","Whitley","Ap #170-4781 Odio. Road",50,75613,"Smolensk","lacus.quisque@google.net"),
  (3,11,1,"Rigel","Roberson","2086 Feugiat Rd.",46,61456,"Sangju","orci.lacus.vestibulum@hotmail.org"),
  (2,42,1,"Dora","Sykes","111-9256 Velit Road",31,16784,"Murmansk","enim.sed.nulla@google.couk"),
  (4,31,1,"Nolan","Haley","P.O. Box 115, 1958 Sem Ave",63,41389,"Riohacha","magna.duis.dignissim@google.ca"),
  (2,38,1,"Karly","England","676-6775 Lorem Street",40,29950,"Belfast","mollis@aol.org"),
  (3,5,0,"Shad","Mann","Ap #846-1966 Ac St.",4,11720,"Kızılcahamam","et@aol.org"),
  (3,7,0,"Sarah","Downs","Ap #258-1308 In Street",33,45957,"Digos","eu@yahoo.couk"),
  (1,43,1,"Graham","Gordon","Ap #313-2632 Elit Street",55,35903,"Drohobych","massa.non@outlook.edu"),
  (3,28,1,"Chava","Russell","Ap #173-9793 Facilisi. Ave",43,55006,"Molfetta","justo.praesent@outlook.couk"),
  (2,11,0,"Cassady","Long","8590 Eu St.",63,30615,"El Salvador","id.sapien.cras@aol.com"),
  (2,3,0,"Silas","Conway","1776 Bibendum St.",54,33169,"Florencia","nulla@aol.net"),
  (2,10,0,"Prescott","Sutton","P.O. Box 520, 8973 Ornare Rd.",45,63426,"Słupsk","vitae@icloud.edu"),
  (3,9,1,"Jamalia","Clay","P.O. Box 750, 4719 Cras St.",31,69304,"Ockelbo","euismod.mauris@hotmail.couk"),
  (2,30,1,"Rinah","Chen","531-1854 Tempus Av.",8,75072,"Montería","sagittis.semper@google.org"),
  (4,14,0,"Linus","Price","188 Felis Street",24,50723,"Kidapawan","fringilla.est@outlook.org"),
  (3,5,0,"Jameson","Howe","253-6022 Nec St.",34,50959,"Legnica","nulla.integer.urna@protonmail.edu"),
  (2,8,0,"Harlan","Carney","Ap #612-6063 Purus. Rd.",57,34257,"Polokwane","ligula.nullam@protonmail.couk"),
  (4,4,1,"Evan","Quinn","713-5957 Interdum. St.",44,43125,"Fort Simpson","suscipit.est.ac@icloud.com"),
  (3,34,0,"Avye","Durham","Ap #149-2398 A, St.",53,54488,"Miranda","etiam.laoreet@hotmail.couk"),
  (2,15,1,"Brianna","Whitney","2137 Vulputate, Avenue",23,26626,"Boon Lay","dui@hotmail.com"),
  (3,11,1,"Amir","Hyde","795-898 Non St.",35,18911,"Anhui","laoreet.posuere@protonmail.couk"),
  (2,49,0,"Doris","Dunlap","3788 Mauris Street",24,44701,"Clermont-Ferrand","mauris.molestie.pharetra@aol.couk"),
  (3,21,1,"Dustin","Howell","P.O. Box 615, 2690 Duis Road",11,30252,"Kherson","erat.vitae@outlook.edu"),
  (3,4,0,"Alika","Contreras","Ap #989-9792 Aliquet Rd.",67,23910,"Kaduna","sodales.mauris@protonmail.net"),
  (3,33,1,"Quinn","Sheppard","909-3938 Ante Street",36,41106,"Riosucio","tincidunt@icloud.net"),
  (3,40,1,"Oscar","Logan","Ap #697-2590 Arcu. Av.",66,73541,"Ulyanovsk","urna.ut.tincidunt@google.edu"),
  (2,7,0,"Edward","Castro","3425 Orci. Street",28,53439,"Munich","eros.proin@aol.net"),
  (3,4,0,"Ryder","Stark","P.O. Box 111, 4863 Fermentum St.",11,59682,"Mülheim","enim.sed.nulla@yahoo.edu"),
  (2,19,1,"Cade","Turner","Ap #993-8997 Magna. St.",54,58422,"Mykolaiv","enim.nunc.ut@yahoo.org"),
  (2,25,0,"Cynthia","Good","771-6777 Vulputate Rd.",63,60809,"Cascavel","dolor.donec@aol.com"),
  (1,9,0,"Charlotte","Lyons","Ap #579-6893 Nam Avenue",13,74929,"Suncheon","molestie.arcu.sed@google.net"),
  (3,15,1,"Jackson","Nielsen","4423 Elit Rd.",39,44282,"Bitung","maecenas.iaculis@yahoo.net"),
  (3,19,0,"Thane","Hanson","7794 Nunc Rd.",43,42763,"Rockingham","eu.ligula@icloud.ca"),
  (2,44,1,"Quin","Duffy","Ap #605-5555 Nisl. Ave",23,19345,"Valle del Guamuez","nullam.velit.dui@yahoo.com"),
  (3,47,0,"Tad","Bartlett","1001 Lacus. Av.",4,41548,"Kohima","tristique.pellentesque@google.couk"),
  (2,4,1,"Malcolm","Marks","Ap #518-5406 Penatibus Avenue",30,36771,"Fokino","vestibulum.ante.ipsum@aol.edu"),
  (2,36,1,"Zia","Vinson","6400 Nec Road",66,51711,"Almelo","auctor.vitae@google.com"),
  (1,1,0,"Edan","Vargas","Ap #993-9636 Montes, Rd.",59,29651,"Chełm","risus.quis@aol.edu"),
  (2,22,0,"Kirby","Weeks","P.O. Box 812, 6912 Nec Avenue",11,49555,"Nicoya","massa.integer.vitae@protonmail.edu"),
  (3,20,0,"Allegra","Ortiz","992-2571 Lacus. Rd.",50,58484,"Tijuana","elit@google.com"),
  (4,33,0,"Kamal","Flowers","337-8400 Donec Rd.",68,29710,"Bida","enim.non@protonmail.org"),
  (1,10,1,"Aurora","Owen","Ap #933-4676 Habitant Avenue",62,56814,"Doetinchem","volutpat.nulla.facilisis@outlook.org"),
  (4,43,1,"Ebony","Mathis","Ap #425-6072 Praesent Av.",57,11309,"Almere","velit@aol.com"),
  (1,1,1,"Gage","Moon","1998 Ornare Street",50,16987,"North-Eastern Islands","in.aliquet@outlook.edu"),
  (2,25,1,"Plato","Wilkerson","P.O. Box 182, 3342 Aliquam Rd.",2,40823,"Burnie","id@outlook.org"),
  (4,31,1,"Jerry","Mercer","100-225 Lectus. Road",12,59328,"Ereğli","non.enim.mauris@yahoo.ca"),
  (4,5,1,"Kyle","Shannon","323-304 Dignissim Avenue",36,28420,"Höchst","ullamcorper@yahoo.couk"),
  (3,13,1,"Destiny","Cooley","953-1063 Ac Av.",44,60349,"Hà Nội","vulputate.nisi.sem@protonmail.com"),
  (2,45,0,"Upton","Hayden","9328 Nunc Av.",9,75525,"Chiclayo","diam.dictum.sapien@aol.org"),
  (2,7,1,"Brock","Hurley","549-3947 Eget, Av.",29,14548,"Murcia","enim.mauris.quis@aol.edu"),
  (1,13,0,"Wang","Marquez","P.O. Box 630, 2406 Sed Rd.",55,20034,"Ålesund","luctus.ipsum.leo@protonmail.org"),
  (3,7,0,"Donovan","Patel","Ap #155-7662 Donec Ave",11,17479,"Galway","aliquet@outlook.net"),
  (4,47,0,"Ruby","Benson","P.O. Box 284, 3177 Etiam Rd.",49,26750,"Valledupar","amet.ante.vivamus@google.org"),
  (4,12,1,"Carlos","Flynn","Ap #802-8885 Laoreet, Rd.",43,42415,"Empangeni","suspendisse.non.leo@aol.couk"),
  (2,10,1,"Wang","Pierce","Ap #585-1044 Lectus St.",53,36352,"Kawartha Lakes","fringilla@google.edu"),
  (1,35,0,"Alea","Larson","P.O. Box 265, 2326 Enim. Ave",12,50899,"Mazatlán","non.sollicitudin@protonmail.edu"),
  (1,45,1,"Kasimir","Chang","Ap #966-2639 Ipsum. Ave",28,45582,"Zapopan","ante.ipsum.primis@hotmail.ca"),
  (4,19,0,"Nicole","Vasquez","P.O. Box 262, 9655 Faucibus Av.",42,34949,"Leverkusen","augue.eu.tellus@icloud.couk"),
  (3,4,1,"Patricia","Schneider","3362 Venenatis Av.",57,72842,"Cà Mau","ligula@icloud.couk"),
  (1,39,0,"Macy","Maxwell","507-7060 Curabitur Rd.",34,41574,"Xinjiang","lorem.luctus@protonmail.couk"),
  (1,39,0,"Gage","Sandoval","9917 Vitae Ave",26,30391,"Fundación","est.tempor@aol.net"),
  (3,30,0,"Ashton","Owens","397-8388 Eu Av.",14,61634,"Chimbarongo","suscipit.nonummy@outlook.couk"),
  (1,4,0,"Maia","Duffy","Ap #883-6837 In Av.",58,73153,"Inner Mongolia","eget.varius@protonmail.net"),
  (1,7,1,"Wang","Sawyer","Ap #555-9161 Quis Av.",58,20043,"Pacasmayo","velit.sed@hotmail.org"),
  (3,29,0,"Zoe","Bridges","Ap #841-5826 Pede Avenue",52,72474,"Petrópolis","ut@icloud.com"),
  (3,16,0,"Kaitlin","Hopper","9746 Amet Rd.",20,21292,"Ceuta","euismod.et@aol.org"),
  (2,49,1,"Robert","Lewis","897 Quisque Road",2,43198,"Katsina","lectus.rutrum@protonmail.couk"),
  (2,44,0,"Charles","Delaney","963-1235 Nulla Rd.",35,61360,"Motala","aliquet.proin.velit@icloud.couk"),
  (2,4,0,"Denton","Fowler","P.O. Box 830, 1725 Amet St.",47,54290,"Goyang","varius.orci.in@hotmail.couk"),
  (3,14,1,"Brenna","Parker","667-9735 Fermentum Rd.",6,18008,"Soledad de Graciano Sánchez","aliquam.eu@aol.com"),
  (3,27,1,"Tyler","Head","Ap #246-8626 Tristique Street",50,70551,"Sierra Gorda","non@yahoo.edu"),
  (2,10,0,"Charity","Glass","Ap #859-3899 Class Rd.",50,28269,"Bandırma","cras.vulputate.velit@hotmail.couk"),
  (4,10,1,"Carson","Nieves","394-3157 Tincidunt St.",49,21930,"Zamora de Hidalgo","magna.tellus@yahoo.com"),
  (3,19,1,"Hollee","Sanders","P.O. Box 201, 6001 Ridiculus Ave",35,61696,"Pacoa","consequat.auctor@yahoo.net"),
  (1,17,1,"Rhonda","Molina","834-7437 Quis, Road",49,33557,"Manado","est.arcu.ac@aol.edu"),
  (3,48,1,"Chester","Travis","Ap #416-8974 Auctor Street",20,62650,"Odessa","eu.ultrices@outlook.net"),
  (3,32,1,"Tanek","Frederick","944-485 Quis Rd.",51,53713,"Tuas","est.nunc@google.org"),
  (4,45,0,"Amal","Chandler","8765 Erat St.",55,58968,"Pelotas","placerat@google.couk"),
  (2,22,0,"Patricia","Carter","Ap #482-8104 Morbi Av.",66,66876,"Balclutha","vivamus.sit@yahoo.org"),
  (4,28,1,"Elliott","Gilbert","194-7545 Proin Av.",2,73115,"Cusco","congue.turpis@outlook.net"),
  (3,44,1,"Nerea","Caldwell","374-6908 Metus. St.",11,50657,"Candon","ac@outlook.org"),
  (2,48,1,"Chancellor","Arnold","208-4917 Mi Av.",67,55481,"Chungju","sit.amet.massa@aol.edu"),
  (1,25,1,"Maile","Williamson","Ap #444-6011 Non, Avenue",66,57708,"Sosnowiec","ante.lectus@outlook.edu"),
  (3,30,0,"Quentin","Sutton","7740 Imperdiet Road",8,59030,"Cartagena","et@hotmail.edu"),
  (3,30,1,"Brielle","Travis","626-3275 Etiam St.",67,49979,"Huế","magna.nam.ligula@outlook.ca"),
  (2,33,0,"Dalton","Thomas","P.O. Box 338, 4941 Tempus, St.",62,73043,"Aizwal","tempor.diam@hotmail.com"),
  (1,7,0,"Valentine","Carey","212-7213 Tempus Road",49,60759,"Motueka","tellus@outlook.couk"),
  (3,50,1,"Brooke","Simon","273-9918 Euismod Rd.",49,73037,"Sagay","ornare.facilisis.eget@protonmail.ca"),
  (4,7,1,"Knox","Fowler","1337 Praesent Av.",1,26649,"San Rafael","nunc@protonmail.edu"),
  (2,49,0,"Aspen","Mcintosh","Ap #107-4987 Est Rd.",8,56415,"Gorinchem","nec.tellus@outlook.net"),
  (4,47,1,"Heidi","Molina","3414 Sed Avenue",65,55827,"Saint John","tempus.eu@outlook.org"),
  (3,28,1,"Ursa","Hodge","712-7019 Egestas Ave",49,73556,"Querétaro","mauris.suspendisse@aol.org"),
  (2,16,0,"Liberty","Weiss","761-4753 Donec Road",29,65662,"Bollnäs","velit.egestas@google.net"),
  (3,31,1,"Barclay","Whitfield","488-7261 Dolor. Rd.",2,35951,"Dehradun","adipiscing@protonmail.edu"),
  (3,39,1,"Angela","Porter","134-1515 Imperdiet Rd.",66,47843,"Phú Thái","lorem.eu@google.org"),
  (3,16,0,"Davis","Shelton","8172 Sed, Rd.",48,78880,"Pamplona","ante.maecenas@yahoo.com"),
  (3,16,1,"Cheyenne","Bonner","6664 Malesuada Road",52,52368,"Otukpo","praesent.interdum.ligula@icloud.couk"),
  (4,33,0,"Amena","Graham","P.O. Box 530, 9997 Arcu St.",54,72439,"Gulfport","tincidunt.tempus@yahoo.ca"),
  (2,31,1,"Aidan","Ballard","Ap #531-3866 Et Avenue",65,62134,"Samara","sociosqu@google.com"),
  (3,4,0,"Montana","Levy","Ap #890-3194 Class St.",50,53470,"Hebei","magna.sed@yahoo.couk"),
  (2,29,1,"Blake","Bradford","8123 Laoreet Rd.",46,51720,"Casole d'Elsa","lectus.quis@yahoo.edu"),
  (4,4,0,"Dacey","Orr","Ap #387-8054 Egestas Ave",5,64597,"Brahmapur","quisque.imperdiet@outlook.ca"),
  (2,30,0,"Gage","Padilla","149-635 Eleifend St.",35,46792,"Blenheim","est.congue@yahoo.com"),
  (4,39,0,"Arthur","Rocha","693 Vulputate Street",67,68036,"Limoges","amet.diam@icloud.net"),
  (2,11,0,"Cynthia","Estrada","9886 Pretium Rd.",36,73157,"Renca","arcu.sed@icloud.com"),
  (1,37,1,"Adele","Burgess","3434 Vulputate Avenue",65,19934,"Durgapur","sagittis.semper@yahoo.ca"),
  (2,30,0,"Shad","England","Ap #821-7774 Lectus. Road",2,31923,"Rulles","magna.nam@hotmail.couk"),
  (3,14,1,"Yardley","Strickland","Ap #352-7412 Viverra. Road",21,79961,"Makassar","ornare.egestas.ligula@icloud.org"),
  (1,49,1,"Joshua","Massey","Ap #519-7128 Luctus Street",31,63557,"Peterhead","ornare.in@yahoo.org"),
  (3,43,0,"Palmer","Jefferson","Ap #961-7363 Magna Rd.",44,52902,"Veenendaal","magnis.dis@outlook.com"),
  (2,32,0,"Yasir","Patel","P.O. Box 506, 5138 Enim, Rd.",11,31549,"Minitonas","arcu.vestibulum.ut@aol.ca"),
  (1,43,1,"Liberty","Strickland","892-2495 Ante Rd.",56,72470,"Timon","sagittis.augue@protonmail.ca"),
  (3,20,1,"Baxter","Moore","3649 Scelerisque, Road",16,28735,"Lelystad","libero.dui@google.com"),
  (1,5,0,"Holly","Schroeder","555-9383 Maecenas Rd.",54,27803,"Cape Breton Island","leo.morbi@outlook.ca"),
  (3,38,1,"Wesley","Gardner","174-9045 Velit Road",12,64911,"Parchim	City","sem.consequat.nec@hotmail.couk"),
  (3,14,0,"Martina","Alvarado","Ap #596-7817 Arcu. St.",60,25198,"Jeongeup","vitae.odio@hotmail.ca"),
  (3,13,1,"Lareina","Merritt","Ap #567-543 Vulputate, Rd.",51,16689,"Jilin","risus.donec@hotmail.couk"),
  (1,26,1,"Nehru","Golden","1688 Facilisis Road",48,25844,"Finspång","eget@aol.ca"),
  (3,2,1,"Walker","Maldonado","166-3844 Magna. St.",46,64480,"Surigao City","cubilia.curae.phasellus@yahoo.org"),
  (4,45,0,"Clarke","Gross","Ap #482-2022 Posuere Rd.",60,77290,"Qinghai","eu.neque@protonmail.com"),
  (4,41,1,"Maryam","Vinson","Ap #160-8276 Sed Rd.",50,18657,"Lerum","duis.a@outlook.couk"),
  (1,4,0,"Stuart","Lott","Ap #977-4176 Orci St.",3,18373,"Raufoss","eget.dictum@google.edu"),
  (3,6,0,"Hadley","Diaz","P.O. Box 464, 2174 Morbi St.",16,20887,"Tuas","mollis.nec.cursus@protonmail.org"),
  (3,44,0,"Driscoll","Salas","Ap #610-2752 Leo. St.",58,37285,"Ferness","nonummy.ut@aol.couk"),
  (3,3,0,"Jamalia","Sellers","174-2486 Libero Avenue",59,68890,"Juneau","egestas@yahoo.com"),
  (2,25,0,"Denise","Bentley","364-8640 Scelerisque, Road",50,44380,"Smila","purus.nullam.scelerisque@outlook.edu"),
  (4,47,1,"Scarlett","Valdez","7092 Imperdiet, Road",55,34632,"Völkermarkt","luctus.ipsum@yahoo.net"),
  (2,34,1,"Troy","Harvey","P.O. Box 683, 4275 Id, Street",24,30214,"La Dorada","ut.dolor.dapibus@google.net"),
  (3,6,1,"Brady","Stewart","P.O. Box 290, 4014 Turpis St.",54,76792,"Lelystad","cursus@outlook.couk"),
  (2,28,0,"Mannix","Cleveland","534-1281 At Av.",64,70333,"Barranca","ac.feugiat@aol.org"),
  (2,28,0,"Lillian","Dillon","792-2438 Ad St.",66,18649,"Cambrai","risus.nunc.ac@outlook.ca"),
  (2,18,1,"Cooper","Phillips","7657 Rutrum Rd.",27,60336,"Pioneer","tortor.at.risus@google.com"),
  (3,30,0,"Ori","Chen","976-4697 Elit Road",16,72585,"Täby","parturient.montes@protonmail.edu"),
  (1,34,0,"Harper","York","630-8617 Bibendum Rd.",30,19306,"Loupoigne","ac@yahoo.ca"),
  (2,16,0,"Colleen","Bullock","Ap #267-3721 Nulla Street",68,64290,"Aschersleben","nostra@yahoo.com"),
  (2,26,0,"Ray","Short","441-366 Et Ave",14,37776,"Ceuta","blandit.at.nisi@google.org"),
  (4,14,0,"Louis","Huffman","P.O. Box 820, 1501 Ipsum Av.",61,27856,"Cockburn","id.ante@yahoo.edu"),
  (4,16,1,"Avram","Clark","Ap #764-1715 Tellus Rd.",67,67919,"Port Pirie","donec.egestas.aliquam@yahoo.net"),
  (4,35,1,"Tiger","Zamora","8523 Vehicula St.",5,57804,"Querétaro","sed.libero@yahoo.net"),
  (2,28,0,"Yoshio","Bridges","482-6549 Ipsum Avenue",27,15385,"Sichuan","donec.luctus@hotmail.couk"),
  (3,4,1,"Rigel","Collier","P.O. Box 376, 6295 Nascetur Street",15,75460,"Heilongjiang","eget.dictum@yahoo.couk"),
  (1,48,0,"Trevor","Reyes","Ap #275-713 Interdum. Rd.",37,73825,"Ajaccio","magna.nec@protonmail.com"),
  (1,32,1,"Hu","Berger","P.O. Box 557, 9682 In St.",17,63695,"Belgrave","lectus.justo@hotmail.net"),
  (2,10,0,"Maris","Andrews","6507 Ornare, Road",2,73875,"Ulundi","orci.donec@yahoo.edu"),
  (4,42,1,"Coby","Wilkinson","9337 Posuere Avenue",22,50166,"Märsta","volutpat.nulla@yahoo.net"),
  (4,19,0,"Luke","Edwards","P.O. Box 715, 3955 Eget Road",25,31066,"Tuluá","non.feugiat.nec@google.org"),
  (3,25,0,"Jack","Jacobson","Ap #250-2736 Donec Av.",51,19720,"Dieppe","commodo.tincidunt@protonmail.org"),
  (4,11,1,"Trevor","Davidson","Ap #575-5207 Cras Rd.",37,12944,"Dubno","sit@yahoo.org"),
  (3,18,0,"Joelle","Conner","Ap #858-4197 Sem Street",18,23382,"Rostock","pharetra.nibh@google.couk"),
  (2,3,1,"Howard","Wong","P.O. Box 951, 1027 Proin St.",5,78642,"San Vicente de Cañete","urna.nunc.quis@icloud.edu"),
  (4,18,1,"Stewart","Weber","238-9830 Mauris Avenue",52,17128,"Lelystad","nunc.mauris@protonmail.net"),
  (2,20,1,"Rigel","Calhoun","1993 Donec Avenue",64,74224,"Elx","nulla@hotmail.com"),
  (1,40,0,"Leslie","Marks","806-4157 Ullamcorper. St.",58,15749,"Cincinnati","feugiat.metus@yahoo.com"),
  (1,35,0,"Silas","Bruce","P.O. Box 584, 9448 Nullam Ave",11,55024,"Słupsk","hendrerit.neque@icloud.net"),
  (4,15,1,"Xena","Drake","2000 Quis St.",68,44698,"Orhangazi","nunc@icloud.org"),
  (1,18,0,"Logan","Warren","Ap #585-1044 Sit Ave",32,77991,"Popayán","proin.mi@yahoo.org"),
  (1,17,0,"Karyn","Battle","7223 Dolor Av.",44,27418,"Lagos","nibh.lacinia@hotmail.org"),
  (1,33,0,"Cora","Garrett","9284 Sodales. Avenue",41,34608,"Sicuani","risus.nunc@protonmail.com"),
  (1,15,1,"Kasper","Barrera","1455 Ut Road",48,56968,"Dorchester","dis.parturient@outlook.couk"),
  (1,46,1,"Cassandra","Russo","Ap #713-2540 Mus. Road",13,79636,"Oslo","dictum.proin.eget@aol.ca"),
  (2,4,1,"Geoffrey","Espinoza","834-4938 Sociosqu Rd.",39,12733,"Izmail","aliquam.adipiscing@icloud.edu"),
  (3,7,1,"Cailin","Austin","1129 Vestibulum St.",61,48217,"Liverpool","sagittis.nullam@icloud.ca"),
  (2,34,0,"Winifred","Padilla","Ap #214-150 Ut, St.",32,35582,"Pervomaisk","morbi.neque@google.ca"),
  (2,46,1,"Molly","Mcdaniel","540-2010 Tempus Rd.",33,40374,"Camarones","metus.in@yahoo.com"),
  (4,20,0,"Hakeem","Potts","234-4161 Placerat, St.",49,78008,"Prince Albert","vel@protonmail.ca"),
  (2,32,0,"Brooke","Delgado","Ap #750-6884 Facilisis. Rd.",17,60665,"Dutse","ipsum@aol.couk"),
  (1,21,0,"Shay","Foreman","Ap #118-4342 Arcu. Avenue",52,56801,"Solapur","a.scelerisque.sed@hotmail.couk"),
  (1,20,0,"Noelani","Branch","P.O. Box 882, 7403 Porttitor Avenue",23,50875,"San Pedro de la Paz","mauris.aliquam@protonmail.org"),
  (3,20,0,"Raya","Kent","P.O. Box 279, 7924 Maecenas Rd.",61,77376,"Sauda","pharetra.nibh@hotmail.couk"),
  (2,26,0,"Evelyn","Bray","P.O. Box 630, 3462 Montes, Ave",40,48927,"Launceston","curae.phasellus.ornare@protonmail.org"),
  (2,29,1,"Haley","Ortiz","650-8694 Volutpat Ave",45,49292,"Märsta","semper.erat@hotmail.net"),
  (1,24,0,"Elliott","Mcknight","978-1669 Faucibus. Street",49,61632,"Gapan","volutpat.nulla@hotmail.couk"),
  (3,48,1,"Quail","Hutchinson","P.O. Box 817, 6666 Venenatis Rd.",6,21756,"Belém","metus.eu.erat@aol.couk"),
  (2,23,0,"Elvis","Castillo","1788 Suspendisse Street",63,71011,"Heilongjiang","est.mollis@outlook.couk"),
  (3,32,0,"Jana","Bean","Ap #427-3646 Luctus St.",18,51961,"Bến Tre","placerat.orci.lacus@hotmail.org"),
  (1,19,1,"Meredith","Hobbs","438-5854 Luctus Avenue",10,54723,"Penza","sit.amet@google.net"),
  (2,35,0,"Madeson","Roy","P.O. Box 696, 8469 Vulputate Avenue",54,44287,"Zhytomyr","ullamcorper.viverra.maecenas@icloud.com"),
  (2,10,1,"Grace","Keith","670-9978 Arcu St.",34,26896,"Reynosa","diam.proin@protonmail.couk"),
  (3,20,0,"Macaulay","Howe","P.O. Box 984, 2771 Ipsum St.",55,74806,"Amritsar","nascetur.ridiculus@outlook.edu"),
  (4,19,0,"Uta","Guy","P.O. Box 162, 4956 Tristique St.",31,78279,"Kidapawan","dolor.quam@hotmail.couk"),
  (3,17,1,"Hamish","Good","1480 Pede Avenue",18,48440,"Holmestrand","in@yahoo.org"),
  (2,24,0,"Christine","Reeves","Ap #657-8640 Sit Rd.",57,56937,"Alphen aan den Rijn","arcu.vivamus@hotmail.com"),
  (2,30,1,"Buffy","Sargent","P.O. Box 458, 552 Pellentesque Rd.",45,77003,"Siverek","euismod@google.org"),
  (2,44,1,"Ebony","O'donnell","561-5010 Augue St.",3,32297,"Itajaí","integer.id@outlook.net"),
  (2,38,1,"Salvador","Boyer","895-1446 Phasellus Street",52,41825,"Le Puy-en-Velay","lectus.sit@aol.ca"),
  (2,21,0,"Joy","O'donnell","P.O. Box 310, 2725 Tincidunt Street",69,59604,"Pleiku","a@protonmail.org"),
  (3,29,0,"Michael","West","2571 Gravida Rd.",14,57906,"Ganshoren","orci.luctus@outlook.couk"),
  (4,22,1,"Zorita","Ware","P.O. Box 267, 4036 Nonummy St.",60,15404,"Bunbury","luctus.felis.purus@icloud.com"),
  (2,24,1,"Scarlett","Carter","Ap #689-3520 Egestas. Ave",59,58620,"Tarragona","eu.nulla@icloud.net"),
  (3,31,1,"Shana","Nelson","202-8693 Augue. St.",65,12794,"Cherepovets","at.iaculis.quis@yahoo.couk"),
  (2,3,0,"Darius","Wall","7097 Lacus. St.",20,72237,"Biên Hòa","vitae.diam@yahoo.org"),
  (2,7,1,"Barrett","Small","Ap #154-1395 In St.",39,54480,"Galway","adipiscing.ligula@google.ca"),
  (1,38,1,"Octavius","Morris","Ap #602-7955 Dui Av.",30,59431,"Almelo","suscipit.est@icloud.net"),
  (1,12,0,"Bradley","Miller","P.O. Box 766, 8800 Semper St.",3,37997,"Vereeniging","hendrerit@icloud.couk"),
  (1,23,0,"Damian","Branch","955-6484 Hymenaeos. Rd.",51,45064,"Penza","proin@protonmail.org"),
  (3,12,0,"Channing","Hardy","826-4432 Ultrices Street",67,17943,"Culiacán","velit@google.com"),
  (4,17,0,"Brian","Greer","5256 Nisl Av.",62,27577,"Charleville-Mézières","nam@protonmail.edu"),
  (2,14,0,"Judith","Mitchell","281-8547 Hendrerit Rd.",22,53738,"Digos","non@protonmail.ca"),
  (4,29,0,"Dai","Barker","Ap #412-5145 Tellus Av.",54,65001,"Helmond","ornare.egestas@aol.edu"),
  (3,46,1,"Florence","Jarvis","Ap #130-6603 Nisi Ave",13,33060,"El Salvador","luctus@aol.com"),
  (2,40,1,"Hermione","Head","Ap #830-632 Augue Road",41,23314,"Laval","dictum.cursus@hotmail.com"),
  (2,14,0,"Amir","Pearson","P.O. Box 969, 7739 Litora Rd.",53,69766,"Isabela City","nisi.mauris@protonmail.ca"),
  (3,22,0,"Dorian","Whitaker","325 Mauris St.",15,54412,"Gore","neque.vitae@protonmail.edu"),
  (2,10,0,"Benedict","Munoz","4835 Nunc, Street",49,55301,"Canberra","id.risus@yahoo.org"),
  (2,11,0,"Boris","Langley","4586 Inceptos St.",15,20416,"Saint-Brieuc","pretium.aliquet@aol.net"),
  (1,24,0,"Cameron","Levy","974-2957 Ultrices Road",67,50879,"Parauapebas","enim@protonmail.edu"),
  (3,19,1,"Sybill","Salas","Ap #485-6969 Iaculis, Street",49,43357,"Santander","lectus.sit@protonmail.couk"),
  (1,49,0,"Teagan","Allison","P.O. Box 826, 9558 Urna Ave",10,51137,"İskenderun","augue.eu@google.com"),
  (3,6,1,"Boris","Rollins","P.O. Box 578, 1103 Consequat Avenue",42,13385,"Kremenchuk","mattis.ornare@icloud.edu"),
  (2,44,0,"Garth","Leonard","6407 Risus. St.",17,78298,"Egersund","ornare.libero@icloud.edu"),
  (2,33,0,"Petra","Boyd","P.O. Box 395, 7849 Non Avenue",25,76856,"San Luis Potosí","sit.amet.lorem@protonmail.couk"),
  (1,39,1,"Clark","Sutton","2628 Consequat Av.",52,11948,"Pioneer","eu.ligula.aenean@protonmail.org"),
  (2,48,1,"Veda","Maynard","876-4679 Scelerisque, Avenue",11,30360,"Jamshoro","sociis.natoque.penatibus@outlook.net"),
  (2,32,1,"Debra","Winters","Ap #604-621 Ultricies St.",15,76855,"Jeonju","non.massa@icloud.ca"),
  (2,30,0,"Ifeoma","Randall","Ap #954-5780 Quam Street",41,23954,"Wellington","pede.cras@outlook.ca"),
  (4,42,1,"Adam","Diaz","Ap #105-4150 Erat St.",15,35585,"Sloten","elit.elit@google.ca"),
  (1,5,1,"Sheila","Caldwell","897-1577 Metus St.",32,22041,"Moscow","volutpat.nulla@icloud.ca"),
  (3,4,1,"Yoko","Walton","4753 Orci, St.",8,11248,"Feilding","nibh.vulputate@hotmail.ca"),
  (3,5,1,"Stacey","Berry","Ap #616-457 Sit Street",27,26628,"Sankt Johann im Pongau","scelerisque.neque@outlook.net"),
  (3,15,0,"Anne","Phillips","6297 Massa. St.",7,21712,"Zaragoza","vulputate.dui@protonmail.couk"),
  (3,37,1,"Daryl","Keith","Ap #385-2005 Lacus, St.",39,38132,"Saguenay","quam.vel.sapien@hotmail.ca"),
  (2,26,1,"Hayfa","Bass","P.O. Box 741, 6432 Libero Ave",56,25851,"Toruń","sagittis.placerat@outlook.org"),
  (2,36,1,"Kelly","King","6054 Nec, Avenue",14,79711,"Bajaur Agency","mi@protonmail.com"),
  (3,5,1,"Carter","Little","430-1374 Ultrices. Street",56,57128,"s Herenelderen","est.arcu.ac@protonmail.edu"),
  (4,14,1,"Mason","Robbins","Ap #585-9142 Elementum Rd.",18,43623,"Tourcoing","in.felis@outlook.net"),
  (2,24,0,"Benedict","Carney","Ap #212-6947 Lectus, Rd.",21,23690,"Sapele","vivamus.molestie@outlook.org"),
  (3,8,1,"Fleur","Clay","Ap #174-2842 Morbi Ave",25,67498,"Manado","lacus.etiam@hotmail.edu"),
  (1,31,1,"William","Dunlap","8566 Et Avenue",19,44200,"Swan","risus.donec.nibh@aol.com"),
  (4,5,0,"Lars","Knapp","P.O. Box 170, 8701 Enim Av.",55,51676,"San Fernando","ligula.aliquam@protonmail.couk"),
  (3,43,1,"Stacey","Cross","Ap #612-2201 Mollis St.",59,50392,"Jurong West","convallis.dolor@yahoo.com"),
  (1,45,0,"Prescott","Blevins","Ap #771-1155 Mauris. Ave",5,12279,"Xalapa","maecenas@yahoo.com"),
  (4,34,0,"Patrick","West","669-9909 Purus Avenue",22,15617,"Hualpén","nam.interdum@google.net"),
  (4,6,1,"Quynn","Head","871-4290 Sem Street",56,48438,"Ghizer","sagittis.placerat.cras@protonmail.couk"),
  (3,47,0,"Barrett","Cross","223-6247 Pharetra. Ave",17,53215,"Sotteville-lès-Rouen","nibh.sit.amet@hotmail.edu"),
  (4,14,0,"Anastasia","Gill","P.O. Box 773, 9281 Dolor Rd.",21,73185,"Kurram Agency","dis.parturient@protonmail.net"),
  (3,16,1,"Ezekiel","Mullen","Ap #698-1473 Lorem Av.",3,44186,"Ajaccio","bibendum.donec@protonmail.couk"),
  (2,6,1,"Ivan","Mcknight","Ap #847-309 Facilisis St.",38,54643,"Bacolod","penatibus@yahoo.ca"),
  (3,6,1,"Ronan","Cooke","4781 Volutpat Rd.",33,76654,"Lagos","at.velit@google.couk"),
  (2,36,0,"Kitra","Maldonado","P.O. Box 490, 3579 Interdum Street",11,76897,"Wrocław","feugiat@aol.couk"),
  (2,21,1,"Thor","Acosta","Ap #884-3293 Iaculis Rd.",29,47184,"Lagos","class.aptent@protonmail.ca"),
  (2,30,0,"Anika","Mitchell","Ap #545-6083 Sem St.",2,32523,"Norrköping","lacus.pede@icloud.couk"),
  (2,5,0,"Lyle","Erickson","Ap #314-7913 Dapibus Road",33,30339,"Paita","nam@google.edu"),
  (1,5,1,"Anastasia","Vang","313-6528 Vivamus Rd.",17,14403,"Belfast","vitae.sodales.at@protonmail.net"),
  (3,49,0,"Duncan","Bryant","Ap #508-4821 Lacus, Ave",57,63692,"New Orleans","turpis.egestas.aliquam@google.org"),
  (2,33,1,"Jesse","Whitley","Ap #392-2971 Massa. Ave",67,51576,"Agartala","enim.gravida@aol.org"),
  (4,9,0,"Clare","Mcintosh","Ap #487-2441 Viverra. St.",68,77855,"San Andrés","in@protonmail.com"),
  (2,30,1,"Emi","Perkins","Ap #256-508 Et Rd.",60,27809,"San Jose del Monte","nulla.ante.iaculis@protonmail.ca"),
  (2,18,1,"Samuel","Dalton","P.O. Box 752, 1188 Primis Av.",47,26212,"Timaru","tincidunt@google.couk"),
  (2,29,1,"Lars","Sutton","P.O. Box 529, 6973 Diam. Ave",32,73097,"Chalon-sur-Saône","pede.blandit@hotmail.org"),
  (3,19,1,"Abigail","England","749-4191 Aliquam Av.",4,40203,"Cork","venenatis.a@yahoo.ca"),
  (1,15,1,"Jaime","Landry","P.O. Box 646, 5868 Feugiat Street",63,43437,"Yên Bái","auctor.velit@google.com"),
  (4,34,0,"Abbot","Carson","416-3595 Vitae St.",57,13546,"Mödling","nec@google.edu"),
  (2,36,0,"Robert","Schroeder","Ap #608-5520 Purus Avenue",15,54685,"Daejeon","auctor.odio@icloud.com"),
  (2,35,1,"Brenden","Patterson","4295 Hendrerit Avenue",49,67746,"Sanghar","fringilla.euismod.enim@icloud.com"),
  (2,29,1,"Lillith","Walters","Ap #412-9722 Cras Road",58,53469,"Cork","fringilla.mi@hotmail.net"),
  (2,45,1,"Benedict","Baird","7082 At Avenue",2,25565,"Galway","tristique@icloud.edu"),
  (1,12,0,"Macey","Ross","Ap #710-209 Sed Street",59,75120,"Imus","ipsum.sodales.purus@outlook.couk"),
  (3,8,0,"Xenos","Sutton","953-8804 Convallis Rd.",60,74262,"Mandai","ligula.nullam.enim@hotmail.net"),
  (2,30,1,"Kylan","Hoover","4953 Nostra, Av.",10,22536,"Krasnaya Yaruga","enim.etiam.gravida@outlook.edu"),
  (4,2,0,"Jane","Sherman","5363 Dui St.",62,67732,"Dera Bugti","enim.etiam@protonmail.org"),
  (3,22,1,"Deanna","Vazquez","P.O. Box 262, 9467 In Street",43,12887,"Shostka","odio.nam.interdum@icloud.edu"),
  (2,18,1,"Elijah","Tran","153-4457 Mi Avenue",24,74445,"Palma de Mallorca","ornare.lectus.ante@yahoo.com"),
  (3,49,1,"Chadwick","Steele","Ap #508-8494 Ultricies Street",44,39093,"Brecon","pulvinar@protonmail.ca"),
  (4,31,1,"Teegan","Mooney","6874 Lobortis Ave",62,68934,"Oberursel","id.risus.quis@protonmail.edu"),
  (2,1,0,"Kristen","Serrano","Ap #965-5485 Sem Rd.",30,75261,"Fiumara","mauris.a.nunc@aol.net"),
  (4,18,1,"Joseph","Hahn","795-4272 Tellus. St.",24,21495,"Canberra","ipsum.cursus.vestibulum@hotmail.com"),
  (3,5,0,"Miranda","Farmer","Ap #944-6388 Nec, St.",5,28917,"Poznań","cum@yahoo.net"),
  (1,49,1,"Mariam","Juarez","Ap #495-3963 Donec Av.",48,58780,"Dutse","sapien@protonmail.couk"),
  (1,18,1,"Glenna","Johnson","Ap #744-5027 Ipsum St.",47,59625,"Rockhampton","rutrum.non.hendrerit@hotmail.ca"),
  (2,9,0,"Jin","Chavez","Ap #984-5942 Purus, Rd.",18,17659,"Stalowa Wola","a.facilisis@hotmail.com"),
  (4,27,1,"Xyla","Pate","124-595 Aliquam Ave",45,34543,"Dufftown","pede.suspendisse@hotmail.com"),
  (3,4,0,"Lucas","Walton","P.O. Box 328, 4463 Vel Street",56,61394,"Gaya","aliquam.ultrices@hotmail.couk"),
  (4,11,0,"Charissa","Mcdaniel","875-2534 Facilisis. Road",2,60415,"Tailles","nulla.magna@icloud.org"),
  (3,43,0,"Steven","Gonzales","786-7846 Purus Avenue",42,35916,"Puerto Carreño","amet.faucibus@yahoo.net"),
  (2,20,1,"Karleigh","Santana","P.O. Box 453, 6133 Fringilla, Rd.",44,14066,"Kohlu","nec.orci.donec@aol.org"),
  (3,39,0,"Rhiannon","Sloan","679-1002 Cras St.",60,79587,"Schwaz","libero.nec.ligula@outlook.org"),
  (1,46,1,"Mary","Wilder","199-8513 Pretium Avenue",44,44729,"Mahikeng","ipsum.suspendisse@hotmail.couk"),
  (4,31,0,"Martina","Whitehead","858-4944 Dignissim Av.",52,27312,"Kendari","ut@hotmail.org"),
  (3,27,1,"Amos","Lane","Ap #328-4945 Fusce St.",5,30065,"Hamburg","nec.cursus.a@yahoo.ca"),
  (2,20,1,"Callum","Logan","563-9187 Fusce Rd.",52,48736,"Coihueco","et@yahoo.couk"),
  (2,38,0,"Heather","Montgomery","P.O. Box 337, 8018 Cras Avenue",33,59997,"Zamora de Hidalgo","sit.amet@icloud.ca"),
  (2,4,0,"Daniel","Palmer","Ap #290-9685 Gravida Avenue",12,28568,"Western Islands","consectetuer.rhoncus.nullam@icloud.com"),
  (2,7,1,"Thaddeus","Ewing","P.O. Box 997, 7610 Aliquam Ave",21,45399,"Bajaur Agency","odio@hotmail.org"),
  (2,26,0,"Cassady","Reeves","P.O. Box 437, 4548 Donec Avenue",39,17628,"Vienna","proin.vel@icloud.ca"),
  (2,11,1,"Yolanda","Lang","672-4539 Parturient Av.",67,52480,"Rancagua","ornare.sagittis@hotmail.net"),
  (3,30,0,"Honorato","White","Ap #991-949 Nec St.",16,72325,"Canberra","magna@google.org"),
  (2,31,0,"Dean","Cherry","Ap #344-8638 Ut Ave",64,16064,"Kurram Agency","est.arcu.ac@outlook.com"),
  (2,26,1,"Kieran","Washington","432-2228 Odio. Avenue",27,72421,"Waterbury","ipsum.dolor@protonmail.ca"),
  (2,31,0,"Fletcher","Allison","562-5017 Netus Rd.",66,41700,"Hindeloopen","non.nisi.aenean@icloud.net"),
  (3,25,0,"Ezra","Dominguez","979-2762 Semper Avenue",10,50813,"Chapecó","aenean.gravida.nunc@protonmail.net"),
  (1,18,1,"Keegan","Riggs","P.O. Box 477, 9636 Cursus Avenue",39,68484,"Pervomaisk","in@icloud.edu"),
  (3,36,1,"Roth","Flores","Ap #606-143 Ac Rd.",27,18587,"Lairg","luctus.vulputate@google.ca"),
  (3,28,0,"Olga","Bowers","Ap #446-6296 Lorem, Av.",43,47011,"Ternopil","ut.pharetra@yahoo.ca"),
  (3,48,1,"Velma","Douglas","540-5076 Diam. Av.",66,15224,"Telfs","at.risus@aol.couk"),
  (4,43,1,"Neville","Fry","P.O. Box 620, 4332 Ante. Rd.",19,46275,"Dera Ismail Khan","sem.consequat@yahoo.net"),
  (4,24,1,"Basil","Mayer","533-4689 Ipsum. Road",60,16943,"Diêm Điền","justo.faucibus.lectus@protonmail.net"),
  (1,19,1,"Clark","Henson","P.O. Box 253, 5146 Conubia Av.",14,21815,"Gorzów Wielkopolski","egestas.duis.ac@outlook.com"),
  (3,24,0,"Linus","Odom","Ap #994-2778 Semper Street",32,13903,"Denpasar","lorem.eu.metus@protonmail.net"),
  (3,27,1,"Lunea","Holcomb","7430 Elementum St.",56,69203,"Périgueux","orci.ut@protonmail.com"),
  (3,15,1,"Austin","Sanford","415-5149 Proin Rd.",37,46726,"Ludvika","non.enim.mauris@icloud.edu"),
  (2,48,0,"Zachary","Parker","P.O. Box 127, 535 Sem Ave",11,39885,"Pavlohrad","nunc@icloud.ca"),
  (4,32,0,"Kiayada","Clemons","2370 Diam Road",62,26050,"Şereflikoçhisar","phasellus@yahoo.net"),
  (4,33,0,"Inez","Mayo","Ap #834-2075 Enim, Av.",31,44365,"Lidingo","sem@aol.net"),
  (3,42,1,"Jennifer","Woodward","896-1900 Aliquam, Rd.",48,67051,"Malakand","est@google.net"),
  (2,50,1,"Anastasia","Ashley","P.O. Box 868, 6753 Quisque Rd.",34,60184,"Serangoon","congue.turpis@aol.net"),
  (3,22,0,"Jeremy","Reid","Ap #187-441 Magna Rd.",54,18277,"Launceston","lobortis@google.net"),
  (2,28,0,"Kirby","Peters","9159 In Rd.",63,73066,"Belfast","consequat.purus.maecenas@hotmail.net"),
  (3,38,0,"Martha","Dillon","Ap #486-5166 A Ave",68,18577,"Fort Laird","a@outlook.edu"),
  (2,15,1,"Neve","Hodges","Ap #103-8151 Elementum, Street",31,61442,"Leganés","sapien.cursus@yahoo.net"),
  (4,41,0,"Gretchen","Williams","5577 Fringilla Av.",41,39399,"Galzignano Terme","neque.in@hotmail.net"),
  (4,42,0,"Dana","Carroll","Ap #519-1317 Quam. Road",66,77979,"Oslo","fusce.aliquet@protonmail.ca"),
  (3,18,0,"Fulton","Zimmerman","914-400 Faucibus St.",62,78090,"San Pedro de Atacama","luctus.aliquet@yahoo.ca"),
  (2,14,0,"Burton","Lewis","3879 Bibendum. Road",19,27899,"Barranca","pharetra.sed.hendrerit@icloud.net"),
  (1,25,0,"Gemma","Wright","8165 Nisi. Rd.",57,53673,"Voronezh","sed.congue@yahoo.ca"),
  (3,7,0,"Justine","Galloway","P.O. Box 777, 8691 Ante Av.",44,61218,"Governador Valadares","ridiculus@aol.ca"),
  (3,32,0,"Avye","Hoover","255-2246 Ut St.",11,17053,"Førde","risus@aol.net"),
  (3,40,0,"Yael","Hewitt","Ap #188-5161 Eu St.",54,67394,"Oberpullendorf","adipiscing@protonmail.edu"),
  (3,2,0,"Rashad","Barrett","755-3106 Sit Ave",3,42697,"Alexandra","aliquet@aol.net"),
  (1,1,0,"Kirk","Herring","223-6059 In St.",8,31811,"Paupisi","sed.tortor.integer@icloud.net"),
  (1,24,0,"Abbot","Bailey","Ap #604-6989 Habitant Rd.",34,30332,"Lebowakgomo","massa@aol.ca"),
  (2,13,1,"Odette","Skinner","Ap #659-6877 Donec Road",68,51843,"Borlänge","et.nunc@aol.edu"),
  (3,2,0,"Kane","Kirk","Ap #429-4036 Orci. Rd.",8,32532,"Wimbledon","donec.est@yahoo.com"),
  (1,8,0,"Raphael","Kemp","3599 Dignissim Av.",46,27880,"Seogwipo","donec.est.nunc@yahoo.org"),
  (2,28,1,"Alana","Gibbs","P.O. Box 480, 6008 Sapien. Ave",28,48314,"Achalpur","neque.sed@aol.edu"),
  (3,4,0,"Hanae","Foley","Ap #102-3602 Pede Rd.",13,39114,"Opole","lectus@aol.couk"),
  (2,8,0,"Tana","Park","992-1979 Mi. Rd.",58,56480,"Natales","ac.ipsum@yahoo.org"),
  (4,25,1,"Carly","Mckay","643-9781 Vitae St.",17,67134,"Bauchi","non.dapibus@aol.couk"),
  (1,4,0,"Gillian","Caldwell","Ap #992-7584 Fusce Street",18,60787,"Los Lagos","praesent.eu@aol.com"),
  (1,11,0,"Leilani","Fox","982-8457 Arcu. Rd.",16,61992,"Pocheon","erat.vel.pede@protonmail.com"),
  (1,4,0,"Carson","Hubbard","342-9482 Sed St.",10,41312,"Barranca","orci.luctus@hotmail.couk"),
  (4,28,0,"Scott","Leblanc","Ap #932-2124 Erat Rd.",54,45160,"Dangjin","sagittis.placerat.cras@protonmail.com"),
  (3,21,0,"Georgia","Poole","Ap #490-9318 Risus. Av.",51,30571,"Melilla","auctor@protonmail.ca"),
  (4,21,0,"Stewart","Wall","806-3763 Scelerisque Ave",39,45514,"Thorn","in.molestie@aol.edu"),
  (1,34,0,"Odessa","Briggs","3804 Duis Street",65,28176,"Siquirres","elit@icloud.org"),
  (3,15,1,"Hasad","Nielsen","P.O. Box 980, 6282 Non, Rd.",62,42591,"Tanjung Pinang","sem@google.ca"),
  (4,34,0,"Stacy","Dillard","P.O. Box 992, 6206 Sed Road",48,63835,"Diadema","aliquam@hotmail.org"),
  (1,42,1,"Raja","Rodriquez","386-5827 Fringilla St.",50,20388,"Mukachevo","libero.morbi@icloud.org"),
  (3,31,0,"Kerry","Stewart","P.O. Box 751, 4010 Dui. Street",16,61204,"Kirov","aliquet@icloud.net");

  
INSERT INTO `Lieferant` (`Anrede_ID`, `Titel_ID`, `Nationalitaet_ID`, `Bankverbindung_ID`, `Vorname`, `Nachname`, `Firmenname`, `Strasse`, `Hausnummer`, `PLZ`, `Ort`, `Telefonnummer_festnetz`, `Telefonnummer_mobil`, `Telefonnummer_fax`, `EMail`, `Im_zoo_seit`, `Umsatzsteuernummer`, `Bermerkungen`)
VALUES
  (1, NULL, 4, 7, 'Herr', 'Supplier', 'Pet Supplies Inc.', 'Supply Lane', 10, '34567', 'Petropolis', '01234-56789', '98765-43210', '12345-67890', 'info@pet-supplies-inc.com', '2021-11-05', 'US123456789', 'Leading provider of pet products'),
  (2, NULL, 5, 8, 'Frau', 'Animalfood', 'Animal Food Co.', 'Food Street', 5, '45678', 'Animaltown', '01234-56789', '98765-43210', '12345-67890', 'info@animal-food-co.com', '2023-01-15', 'FR987654321', 'Specializing in nutritious pet food'),
  (2, NULL, 1, 9, 'Herr', 'ZooSupply', 'Zoo Supply GmbH', 'Supply Avenue', 8, '56789', 'Zootown', '01234-56789', '98765-43210', '12345-67890', 'info@zoo-supply-gmbh.com', '2020-06-30', 'DE987654321', 'Exclusive supplier for zoos'),
  (1, NULL, 3, 10, 'Frau', 'WildlifeGoods', 'Wildlife Goods Ltd.', 'Goods Road', 12, '67890', 'Wildlifecity', '01234-56789', '98765-43210', '12345-67890', 'info@wildlife-goods-ltd.com', '2022-09-25', 'UK123456789', 'Providing quality wildlife products'),
  (2, NULL, 2, 11, 'Herr', 'PetEssentials', 'Pet Essentials AG', 'Essentials Platz', 20, '78901', 'Petville', '01234-56789', '98765-43210', '12345-67890', 'info@pet-essentials-ag.com', '2019-08-12', 'CH987654321', 'Comprehensive pet care solutions'),
  (1, NULL, 4, 12, 'Frau', 'TierCare', 'Tier Care Corp.', 'Care Street', 15, '89012', 'Animalville', '01234-56789', '98765-43210', '12345-67890', 'info@tier-care-corp.com', '2021-03-18', 'ES123456789', 'Dedicated to animal well-being'),
  (1, NULL, 5, 13, 'Herr', 'FurryFriends', 'Furry Friends GmbH', 'Friends Weg', 25, '90123', 'Furrytown', '01234-56789', '98765-43210', '12345-67890', 'info@furry-friends-gmbh.com', '2020-12-05', 'IT987654321', 'Your partner for furry companions'),
  (2, NULL, 6, 14, 'Frau', 'ZooGoods', 'Zoo Goods Ltd.', 'Goods Lane', 18, '12345', 'Zooville', '01234-56789', '98765-43210', '12345-67890', 'info@zoo-goods-ltd.com', '2019-07-22', 'NL123456789', 'Supplier of quality zoo essentials'),
  (1, NULL, 1, 15, 'Herr', 'WildNature', 'Wild Nature Inc.', 'Nature Avenue', 30, '23456', 'Wildcity', '01234-56789', '98765-43210', '12345-67890', 'info@wild-nature-inc.com', '2022-05-10', 'PT987654321', 'Connecting people with wildlife');
  
  
INSERT INTO `FutterArt` (`Futterart_ID`, `Futterart_name`)
VALUES
  (1, 'Dry Pellets'),
  (2, 'Hay and Forage'),
  (3, 'Frozen Treats'),
  (4, 'Fresh Fruits'),
  (5, 'Live Insects'),
  (6, 'Seeds and Nuts'),
  (7, 'Worms and Larvae'),
  (8, 'Grains and Cereals'),
  (9, 'Vegetables'),
  (10, 'Processed Meat'),
  (11, 'Algae and Seaweed'),
  (12, 'Nectar and Pollen'),
  (13, 'Roots and Tubers'),
  (14, 'Leafy Greens'),
  (15, 'Berries and Fruits'),
  (16, 'Ants and Termites'),
  (17, 'Oats and Grains'),
  (18, 'Vegetarian Mix'),
  (19, 'Cricket and Insect Mix'),
  (20, 'Corn and Maize');
  
  
INSERT INTO `Futter` (`Futterart_ID`, `Futter_einheit_ID`, `Futter_name`)
VALUES
  (1, 1, 'Fish Pellets'),
  (2, 2, 'Hay'),
  (3, 3, 'Shrimp Mix'),
  (4, 1, 'Banana Bites'),
  (5, 2, 'Insect Feast'),
  (6, 3, 'Seed Blend'),
  (7, 4, 'Apple Slices'),
  (8, 5, 'Worm Delight'),
  (9, 4, 'Nut Medley'),
  (10, 2, 'Kale Crunch'),
  (11, 1, 'Meat Medley'),
  (12, 1, 'Seaweed Snack'),
  (13, 5, 'Nectar Nibbles'),
  (14, 1, 'Root Chips'),
  (15, 2, 'Leafy Green Mix'),
  (16, 3, 'Berry Buffet'),
  (17, 4, 'Ant Delicacy'),
  (18, 5, 'Oat Bites'),
  (19, 4, 'Vegetarian Delight'),
  (20, 2, 'Insectivore Special');
  
INSERT INTO `Ankauf` (`Lieferant_ID`, `Futter_ID`, `Preis`, `Menge`, `Rabatt`, `Datum`)
VALUES
  (1, 1, 25.50, 100, NULL, '2024-01-15'),
  (2, 2, 30.00, 150, 5, '2024-01-16'),
  (3, 3, 15.75, 80, 2, '2024-01-17'),
  (1, 4, 22.25, 120, NULL, '2024-01-18'),
  (2, 5, 18.50, 90, 3, '2024-01-19'),
  (3, 6, 28.75, 200, 8, '2024-01-20');
  
INSERT INTO `Rundweg` (`Rundweg_name`, `Rundweg_farbe`, `Barrierefrei`, `Laenge_in_m`, `Gehdauer_in_min`)
VALUES
  ('Naturpfad', 'Grün', 1, 1200, 45),
  ('Entdeckerpfad', 'Braun', 0, 800, 30),
  ('Ozean-Spaziergang', 'Blau', 1, 1500, 60),
  ('Affentrail', 'Grau', 1, 1000, 40),
  ('Reptilienroute', 'Gelb', 0, 700, 25),
  ('Vogelweg', 'Rot', 1, 1800, 75);

  
  
INSERT INTO `Strecke` (`Rundweg_ID`, `Gehege_ID_vor`, `Gehege_ID_nach`)
VALUES
  (1, 1, 3),
  (2, 4, 6),
  (3, 10, 12),
  (4, 11, 13),
  (5, 22, 24),
  (6, 16, 18),
  (1, 2, 4),
  (2, 4, 6),
  (3, 5, 7),
  (4, 3, 5),
  (5, 4, 6),
  (6, 4, 6),
  (1, 2, 4),
  (2, 2, 4),
  (3, 3, 5),
  (4, 2, 4),
  (5, 4, 6),
  (6, 4, 6),
  (1, 3, 5),
  (2, 15, 17),
  (3, 2, 4),
  (4, 4, 6),
  (5, 2, 3),
  (6, 12, 14),
  (1, 12, 14),
  (2, 2, 4),
  (3, 13, 15),
  (4, 14, 16),
  (5, 4, 6),
  (6, 4, 6);

INSERT INTO `Futterlager` (`Futterlager_ort`, `Bestand`, `Meldebestand`, `Datum`)
VALUES
  ('Lager 1', 500, 100, '2024-01-15'),
  ('Lager 2', 800, 150, '2024-01-16'),
  ('Lager 3', 300, 50, '2024-01-17'),
  ('Lager 4', 600, 120, '2024-01-18'),
  ('Lager 5', 900, 180, '2024-01-19'),
  ('Lager 6', 400, 80, '2024-01-20'),
  ('Lager 7', 700, 130, '2024-01-21'),
  ('Lager 8', 1000, 200, '2024-01-22');

INSERT INTO `Gebaeude-Futterlager` (`Gebaeude_ID`, `Futterlager_ID`, `Stockwerk`)
VALUES
  (1, 1, 1),
  (2, 2, 2),
  (3, 3, 3),
  (4, 4, 1),
  (5, 5, 1),
  (6, 6, 1),
  (7, 7, 1),
  (8, 8, 1);
  
INSERT INTO `Futter-Futterlager` (`Futter_ID`, `Futterlager_ID`, `Futtereingang`, `Futterabgang`)
VALUES
  (1, 1, '2023-01-15', NULL),
  (2, 2, '2023-01-16', NULL),
  (13, 3, '2023-03-17', NULL),
  (14, 4, '2023-04-18', NULL),
  (15, 5, '2021-01-19', NULL),
  (6, 6, '2022-02-20', NULL),
  (11, 7, '2023-04-15', NULL),
  (12, 8, '2023-02-16', NULL),
  (13, 3, '2023-03-27', NULL),
  (14, 4, '2022-06-28', NULL),
  (15, 5, '2021-06-19', NULL),
  (15, 5, '2021-01-19', NULL),
  (16, 2, '2022-03-10', NULL),
  (1, 2, '2023-03-25', NULL),
  (12, 8, '2023-07-23', NULL),
  (13, 3, '2023-03-07', NULL),
  (14, 4, '2022-02-18', NULL);

  
INSERT INTO `Mahlzeit` (`Mahlzeitname`)
VALUES
  ('Breakfast'),
  ('Lunch'),
  ('Dinner'),
  ('Snack 1'),
  ('Snack 2'),
  ('Supper'),
  ('Brunch'),
  ('Afternoon Tea'),
  ('Late Night Snack'),
  ('Early Morning Bite'),
  ('Midnight Munch'),
  ('Elevenses'),
  ('Tea Time Treat'),
  ('Power Snack'),
  ('Dessert Delight');

  
INSERT INTO Fuetterungsplan (Tier_ID,Mahlzeit_ID,Tage,Uhrzeit,Fuetterung_erfolgt)
VALUES
  (77,5,"taeglich","5:37",0),
  (22,7,"taeglich","1:28",1),
  (37,9,"taeglich","8:04",0),
  (34,4,"taeglich","12:13",0),
  (57,1,"taeglich","5:55",1),
  (17,9,"taeglich","8:47",1),
  (94,8,"taeglich","10:05",1),
  (97,7,"taeglich","11:42",0),
  (10,5,"taeglich","1:58",1),
  (73,8,"taeglich","4:13",0),
  (35,4,"taeglich","8:01",0),
  (51,7,"taeglich","5:27",1),
  (10,1,"taeglich","9:32",1),
  (61,8,"taeglich","12:59",0),
  (19,2,"taeglich","4:29",1),
  (10,2,"taeglich","11:52",1),
  (23,10,"taeglich","6:19",0),
  (55,6,"taeglich","12:30",1),
  (95,2,"taeglich","6:29",1),
  (69,3,"taeglich","4:44",0),
  (63,1,"taeglich","11:25",1),
  (13,6,"taeglich","10:58",0),
  (6,5,"taeglich","2:54",1),
  (12,1,"taeglich","1:23",1),
  (72,3,"taeglich","1:56",1),
  (59,1,"taeglich","6:10",1),
  (47,8,"taeglich","5:05",1),
  (96,5,"taeglich","3:30",1),
  (27,8,"taeglich","8:03",1),
  (8,5,"taeglich","10:43",0),
  (71,8,"taeglich","12:42",0),
  (64,1,"taeglich","11:32",1),
  (41,6,"taeglich","1:58",0),
  (43,9,"taeglich","6:30",1),
  (18,3,"taeglich","11:49",0),
  (69,2,"taeglich","11:52",1),
  (72,8,"taeglich","3:52",0),
  (34,10,"taeglich","10:44",0),
  (39,7,"taeglich","2:19",1),
  (77,3,"taeglich","4:21",1),
  (11,8,"taeglich","5:17",0),
  (10,6,"taeglich","4:00",1),
  (53,3,"taeglich","10:15",0),
  (52,9,"taeglich","10:30",0),
  (51,6,"taeglich","6:50",0),
  (3,2,"taeglich","2:51",0),
  (10,2,"taeglich","11:20",0),
  (61,4,"taeglich","8:35",1),
  (74,5,"taeglich","4:31",1),
  (69,8,"taeglich","9:48",1),
  (19,7,"taeglich","11:32",1),
  (2,7,"taeglich","2:17",0),
  (47,8,"taeglich","2:44",0),
  (89,1,"taeglich","12:00",0),
  (24,2,"taeglich","3:00",0),
  (39,6,"taeglich","2:53",0),
  (55,8,"taeglich","6:20",1),
  (58,7,"taeglich","11:01",1),
  (36,7,"taeglich","10:10",0),
  (16,6,"taeglich","1:19",1),
  (26,5,"taeglich","10:59",0),
  (14,3,"taeglich","10:09",1),
  (63,9,"taeglich","2:29",0),
  (24,4,"taeglich","1:11",0),
  (83,10,"taeglich","11:06",0),
  (21,3,"taeglich","11:19",0),
  (26,5,"taeglich","2:10",0),
  (6,3,"taeglich","9:30",1),
  (100,2,"taeglich","5:45",0),
  (88,5,"taeglich","5:49",0),
  (61,6,"taeglich","12:19",1),
  (12,4,"taeglich","5:59",1),
  (43,9,"taeglich","10:55",1),
  (82,8,"taeglich","8:54",1),
  (13,4,"taeglich","6:29",1),
  (71,8,"taeglich","4:16",0),
  (53,4,"taeglich","12:41",0),
  (7,8,"taeglich","3:17",1),
  (86,1,"taeglich","8:30",0),
  (30,6,"taeglich","12:52",1),
  (70,8,"taeglich","12:08",1),
  (23,1,"taeglich","8:36",1),
  (2,6,"taeglich","10:23",0),
  (74,4,"taeglich","9:20",1),
  (77,4,"taeglich","12:42",1),
  (70,4,"taeglich","10:43",1),
  (28,9,"taeglich","11:15",0),
  (91,5,"taeglich","2:11",1),
  (49,7,"taeglich","5:20",0),
  (92,7,"taeglich","8:07",1),
  (7,3,"taeglich","8:20",1),
  (38,4,"taeglich","1:53",1),
  (27,8,"taeglich","4:38",1),
  (29,6,"taeglich","2:19",0),
  (7,7,"taeglich","8:28",1),
  (55,8,"taeglich","2:38",1),
  (53,3,"taeglich","9:35",1),
  (90,1,"taeglich","12:29",0),
  (60,8,"taeglich","11:50",1),
  (97,10,"taeglich","1:51",0);

INSERT INTO Krankenakte (Tierarzt_ID,Tier_ID,Behandlungsdatum,Meldepflichtige_krankheit,Befund,Medikation,Medikation_intervall,Medikation_zeit,Bemerkungen,Behandlung_abgeschlossen_am)
VALUES
  (2,3,"2023-10-18",1,"Leptospirose","Revolution","Mi","Abends","Beispiel Bemerkung","2019-10-20"),
  (10,2,"2022-9-22",0,"Federpicken","Revolution","Mi,Do","Abends","Beispiel Bemerkung","2023-8-1"),
  (8,1,"2022-1-20",0,"(Columnaris)","Heartgard","Mo,Mi,Fr,So","Mittags","Beispiel Bemerkung","2019-4-9"),
  (9,3,"2021-12-19",0,"Federpicken","Heartgard","Mo","Abends","Beispiel Bemerkung","2021-3-29"),
  (6,9,"2021-9-17",1,"Fischseuche","Prednisone","Mi","Mittags","Beispiel Bemerkung","2022-9-5"),
  (1,7,"2021-8-1",0,"(Columnaris)","Furosemide","Mi,Do","Abends","Beispiel Bemerkung","2023-1-18"),
  (8,6,"2023-2-14",0,"Papillomatose","Metacam","Mi","Mittags","Beispiel Bemerkung","2020-3-20"),
  (1,1,"2021-4-14",0,"(RHDV)","Metacam","Mi,Do","Mittags","Beispiel Bemerkung","2019-6-15"),
  (9,2,"2022-10-27",0,"Fischseuche","Prednisone","Sa","Morgends","Beispiel Bemerkung","2023-10-28"),
  (8,7,"2022-4-16",1,"Papillomatose","Insulin","Mo,Di","Abends","Beispiel Bemerkung","2023-8-18"),
  (8,9,"2022-2-7",1,"Kaninchenpest","Metacam","Mi","Morgends","Beispiel Bemerkung","2019-8-8"),
  (5,5,"2021-4-7",0,"FIP","Furosemide","Mo","Abends","Beispiel Bemerkung","2023-4-8"),
  (8,4,"2021-8-20",0,"(RHDV)","Furosemide","Mi","Morgends","Beispiel Bemerkung","2019-6-21"),
  (6,1,"2022-4-4",1,"Fischseuche","Rimadyl","Taeglich","Abends","Beispiel Bemerkung","2020-3-4"),
  (9,4,"2022-5-21",0,"Reptilienrespiratory-Syndrom","Ivermectin","Mo","Mittags","Beispiel Bemerkung","2023-8-31"),
  (8,1,"2022-9-18",0,"(RHDV)","Revolution","Mi","Morgends","Beispiel Bemerkung","2021-10-15"),
  (10,7,"2022-8-22",1,"Reptilienrespiratory-Syndrom","Prednisone","Mo,Mi,Fr,So","Mittags","Beispiel Bemerkung","2023-7-31"),
  (3,4,"2023-10-17",0,"Papillomatose","Furosemide","Mo,Di","Morgends","Beispiel Bemerkung","2021-6-5"),
  (8,5,"2022-5-6",1,"Leptospirose","Heartgard","Mi,Do","Abends","Beispiel Bemerkung","2020-2-24"),
  (8,4,"2021-5-11",0,"(RHDV)","Metacam","Taeglich","Abends","Beispiel Bemerkung","2020-8-31"),
  (3,3,"2023-4-5",1,"Kaninchenpest","Prednisone","Mo","Mittags","Beispiel Bemerkung","2023-1-17"),
  (7,2,"2023-2-21",0,"Kaninchenpest","Amoxicillin","Mo,Mi,Fr,So","Mittags","Beispiel Bemerkung","2019-5-1"),
  (8,9,"2022-9-24",1,"Hunden","Furosemide","Sa","Morgends","Beispiel Bemerkung","2019-3-16"),
  (8,4,"2022-10-26",0,"Federpicken","Metacam","Mo","Mittags","Beispiel Bemerkung","2020-3-1"),
  (9,9,"2021-11-12",1,"Fischseuche","Prednisone","Di,Do,Sa","Morgends","Beispiel Bemerkung","2023-10-14"),
  (9,4,"2023-10-3",1,"Fischseuche","Prednisone","Mi,Do","Morgends","Beispiel Bemerkung","2019-11-30"),
  (2,9,"2022-1-19",0,"Fischseuche","Rimadyl","Mo","Abends","Beispiel Bemerkung","2023-5-1"),
  (6,6,"2021-2-14",0,"(RHDV)","Metacam","Mi","Mittags","Beispiel Bemerkung","2021-8-3"),
  (1,5,"2021-6-5",0,"Federpicken","Revolution","Di,Do,Sa","Abends","Beispiel Bemerkung","2019-7-19"),
  (6,7,"2021-8-19",0,"Diabetes","Heartgard","Di,Do,Sa","Morgends","Beispiel Bemerkung","2019-11-5"),
  (2,3,"2023-1-6",1,"Federpicken","Amoxicillin","Mi,Do","Mittags","Beispiel Bemerkung","2019-4-23"),
  (1,7,"2022-6-27",1,"Hunden","Insulin","Sa","Mittags","Beispiel Bemerkung","2020-9-3"),
  (9,7,"2021-3-25",1,"(RHDV)","Furosemide","Taeglich","Abends","Beispiel Bemerkung","2022-7-1"),
  (7,5,"2022-10-17",0,"bei","Insulin","Mi","Abends","Beispiel Bemerkung","2021-2-11"),
  (2,1,"2022-7-24",0,"Kaninchenpest","Revolution","Mo","Mittags","Beispiel Bemerkung","2021-12-9"),
  (5,8,"2021-7-18",0,"Leptospirose","Furosemide","Mi","Mittags","Beispiel Bemerkung","2021-1-7"),
  (3,5,"2022-4-11",0,"(RHDV)","Prednisone","Di,Do,Sa","Morgends","Beispiel Bemerkung","2021-12-25"),
  (7,7,"2023-9-29",0,"(RHDV)","Enrofloxacin","Taeglich","Morgends","Beispiel Bemerkung","2019-7-29"),
  (10,5,"2023-1-19",1,"Federpicken","Insulin","Mi","Mittags","Beispiel Bemerkung","2022-7-29"),
  (2,1,"2022-10-30",0,"Reptilienrespiratory-Syndrom","Revolution","Taeglich","Mittags","Beispiel Bemerkung","2022-4-20"),
  (2,8,"2021-11-25",1,"(Columnaris)","Ivermectin","Taeglich","Mittags","Beispiel Bemerkung","2020-3-28"),
  (8,10,"2023-8-16",1,"(Columnaris)","Insulin","Mo,Mi,Fr,So","Abends","Beispiel Bemerkung","2022-4-12"),
  (2,8,"2023-12-16",1,"Kaninchenpest","Enrofloxacin","Mo,Mi,Fr,So","Mittags","Beispiel Bemerkung","2023-3-21"),
  (8,5,"2023-3-7",0,"Reptilienrespiratory-Syndrom","Enrofloxacin","Mo","Mittags","Beispiel Bemerkung","2023-11-9"),
  (3,2,"2022-8-27",0,"Reptilienrespiratory-Syndrom","Amoxicillin","Fr","Mittags","Beispiel Bemerkung","2020-6-21"),
  (9,4,"2023-2-17",1,"Papillomatose","Furosemide","Mo","Mittags","Beispiel Bemerkung","2022-4-2"),
  (10,8,"2022-4-28",0,"Federpicken","Amoxicillin","Mo","Morgends","Beispiel Bemerkung","2021-7-28"),
  (3,4,"2021-9-9",0,"Fischseuche","Furosemide","Mo","Mittags","Beispiel Bemerkung","2019-11-16"),
  (8,2,"2021-10-21",1,"FIP","Amoxicillin","Fr","Abends","Beispiel Bemerkung","2019-8-30"),
  (6,6,"2022-4-13",1,"FIP","Revolution","Mi,Do","Mittags","Beispiel Bemerkung","2020-6-3");


INSERT INTO `Besucher-Rundweg` (Besucher_ID,Rundweg_ID,Bemerkungen)
VALUES
  (328,3,"Beispiel Kommentare"),
  (192,5,"Beispiel Kommentare"),
  (366,5,"Beispiel Kommentare"),
  (325,3,"Beispiel Kommentare"),
  (321,5,"Beispiel Kommentare"),
  (266,3,"Beispiel Kommentare"),
  (54,3,"Beispiel Kommentare"),
  (397,3,"Beispiel Kommentare"),
  (403,1,"Beispiel Kommentare"),
  (85,2,"Beispiel Kommentare"),
  (457,2,"Beispiel Kommentare"),
  (38,2,"Beispiel Kommentare"),
  (206,3,"Beispiel Kommentare"),
  (100,5,"Beispiel Kommentare"),
  (194,4,"Beispiel Kommentare"),
  (406,2,"Beispiel Kommentare"),
  (129,2,"Beispiel Kommentare"),
  (26,1,"Beispiel Kommentare"),
  (125,4,"Beispiel Kommentare"),
  (469,3,"Beispiel Kommentare"),
  (68,3,"Beispiel Kommentare"),
  (67,5,"Beispiel Kommentare"),
  (199,2,"Beispiel Kommentare"),
  (358,2,"Beispiel Kommentare"),
  (460,4,"Beispiel Kommentare"),
  (348,6,"Beispiel Kommentare"),
  (76,6,"Beispiel Kommentare"),
  (96,1,"Beispiel Kommentare"),
  (350,2,"Beispiel Kommentare"),
  (400,4,"Beispiel Kommentare"),
  (222,4,"Beispiel Kommentare"),
  (100,6,"Beispiel Kommentare"),
  (214,2,"Beispiel Kommentare"),
  (129,6,"Beispiel Kommentare"),
  (451,4,"Beispiel Kommentare"),
  (426,2,"Beispiel Kommentare"),
  (3,1,"Beispiel Kommentare"),
  (214,1,"Beispiel Kommentare"),
  (337,4,"Beispiel Kommentare"),
  (218,5,"Beispiel Kommentare"),
  (289,5,"Beispiel Kommentare"),
  (143,3,"Beispiel Kommentare"),
  (237,4,"Beispiel Kommentare"),
  (130,5,"Beispiel Kommentare"),
  (409,1,"Beispiel Kommentare"),
  (192,5,"Beispiel Kommentare"),
  (430,4,"Beispiel Kommentare"),
  (220,2,"Beispiel Kommentare"),
  (309,2,"Beispiel Kommentare"),
  (344,6,"Beispiel Kommentare"),
  (205,1,"Beispiel Kommentare"),
  (157,3,"Beispiel Kommentare"),
  (438,1,"Beispiel Kommentare"),
  (89,6,"Beispiel Kommentare"),
  (447,5,"Beispiel Kommentare"),
  (416,6,"Beispiel Kommentare"),
  (175,5,"Beispiel Kommentare"),
  (211,6,"Beispiel Kommentare"),
  (492,4,"Beispiel Kommentare"),
  (222,5,"Beispiel Kommentare"),
  (180,3,"Beispiel Kommentare"),
  (420,2,"Beispiel Kommentare"),
  (217,3,"Beispiel Kommentare"),
  (17,6,"Beispiel Kommentare"),
  (373,3,"Beispiel Kommentare"),
  (382,5,"Beispiel Kommentare"),
  (248,1,"Beispiel Kommentare"),
  (204,5,"Beispiel Kommentare"),
  (245,4,"Beispiel Kommentare"),
  (215,4,"Beispiel Kommentare"),
  (15,5,"Beispiel Kommentare"),
  (354,2,"Beispiel Kommentare"),
  (450,5,"Beispiel Kommentare"),
  (96,5,"Beispiel Kommentare"),
  (247,5,"Beispiel Kommentare"),
  (332,1,"Beispiel Kommentare"),
  (99,4,"Beispiel Kommentare"),
  (128,5,"Beispiel Kommentare"),
  (324,5,"Beispiel Kommentare"),
  (470,2,"Beispiel Kommentare"),
  (57,5,"Beispiel Kommentare"),
  (128,3,"Beispiel Kommentare"),
  (273,4,"Beispiel Kommentare"),
  (367,5,"Beispiel Kommentare"),
  (114,3,"Beispiel Kommentare"),
  (1,5,"Beispiel Kommentare"),
  (387,3,"Beispiel Kommentare"),
  (339,5,"Beispiel Kommentare"),
  (242,2,"Beispiel Kommentare"),
  (314,4,"Beispiel Kommentare"),
  (42,2,"Beispiel Kommentare"),
  (206,3,"Beispiel Kommentare"),
  (431,4,"Beispiel Kommentare"),
  (437,2,"Beispiel Kommentare"),
  (289,3,"Beispiel Kommentare"),
  (166,2,"Beispiel Kommentare"),
  (352,2,"Beispiel Kommentare"),
  (431,4,"Beispiel Kommentare"),
  (288,5,"Beispiel Kommentare"),
  (471,2,"Beispiel Kommentare"),
  (313,2,"Beispiel Kommentare"),
  (48,5,"Beispiel Kommentare"),
  (377,4,"Beispiel Kommentare"),
  (497,4,"Beispiel Kommentare"),
  (430,3,"Beispiel Kommentare"),
  (320,3,"Beispiel Kommentare"),
  (326,4,"Beispiel Kommentare"),
  (394,6,"Beispiel Kommentare"),
  (209,2,"Beispiel Kommentare"),
  (361,4,"Beispiel Kommentare"),
  (457,6,"Beispiel Kommentare"),
  (101,4,"Beispiel Kommentare"),
  (337,4,"Beispiel Kommentare"),
  (103,4,"Beispiel Kommentare"),
  (415,2,"Beispiel Kommentare"),
  (323,3,"Beispiel Kommentare"),
  (166,3,"Beispiel Kommentare"),
  (46,4,"Beispiel Kommentare"),
  (336,2,"Beispiel Kommentare"),
  (189,2,"Beispiel Kommentare"),
  (112,3,"Beispiel Kommentare"),
  (245,3,"Beispiel Kommentare"),
  (481,6,"Beispiel Kommentare"),
  (429,3,"Beispiel Kommentare"),
  (452,4,"Beispiel Kommentare"),
  (244,2,"Beispiel Kommentare"),
  (180,5,"Beispiel Kommentare"),
  (363,3,"Beispiel Kommentare"),
  (308,1,"Beispiel Kommentare"),
  (133,1,"Beispiel Kommentare"),
  (7,2,"Beispiel Kommentare"),
  (25,2,"Beispiel Kommentare"),
  (239,1,"Beispiel Kommentare"),
  (310,2,"Beispiel Kommentare"),
  (397,1,"Beispiel Kommentare"),
  (58,3,"Beispiel Kommentare"),
  (84,4,"Beispiel Kommentare"),
  (129,3,"Beispiel Kommentare"),
  (347,2,"Beispiel Kommentare"),
  (270,5,"Beispiel Kommentare"),
  (182,3,"Beispiel Kommentare"),
  (189,1,"Beispiel Kommentare"),
  (137,2,"Beispiel Kommentare"),
  (75,2,"Beispiel Kommentare"),
  (39,5,"Beispiel Kommentare"),
  (16,2,"Beispiel Kommentare"),
  (494,6,"Beispiel Kommentare"),
  (77,3,"Beispiel Kommentare"),
  (298,6,"Beispiel Kommentare"),
  (109,6,"Beispiel Kommentare"),
  (150,1,"Beispiel Kommentare"),
  (424,5,"Beispiel Kommentare"),
  (263,4,"Beispiel Kommentare"),
  (3,1,"Beispiel Kommentare"),
  (106,3,"Beispiel Kommentare"),
  (154,5,"Beispiel Kommentare"),
  (256,1,"Beispiel Kommentare"),
  (448,2,"Beispiel Kommentare"),
  (45,4,"Beispiel Kommentare"),
  (209,4,"Beispiel Kommentare"),
  (266,5,"Beispiel Kommentare"),
  (260,1,"Beispiel Kommentare"),
  (140,4,"Beispiel Kommentare"),
  (4,6,"Beispiel Kommentare"),
  (188,2,"Beispiel Kommentare"),
  (48,6,"Beispiel Kommentare"),
  (269,2,"Beispiel Kommentare"),
  (87,4,"Beispiel Kommentare"),
  (236,6,"Beispiel Kommentare"),
  (303,4,"Beispiel Kommentare"),
  (107,3,"Beispiel Kommentare"),
  (166,5,"Beispiel Kommentare"),
  (468,3,"Beispiel Kommentare"),
  (460,5,"Beispiel Kommentare"),
  (60,1,"Beispiel Kommentare"),
  (78,5,"Beispiel Kommentare"),
  (131,2,"Beispiel Kommentare"),
  (56,5,"Beispiel Kommentare"),
  (18,3,"Beispiel Kommentare"),
  (28,2,"Beispiel Kommentare"),
  (195,6,"Beispiel Kommentare"),
  (465,1,"Beispiel Kommentare"),
  (16,1,"Beispiel Kommentare"),
  (12,3,"Beispiel Kommentare"),
  (62,3,"Beispiel Kommentare"),
  (386,4,"Beispiel Kommentare"),
  (22,1,"Beispiel Kommentare"),
  (457,2,"Beispiel Kommentare"),
  (320,5,"Beispiel Kommentare"),
  (365,3,"Beispiel Kommentare"),
  (131,2,"Beispiel Kommentare"),
  (354,1,"Beispiel Kommentare"),
  (299,2,"Beispiel Kommentare"),
  (365,3,"Beispiel Kommentare"),
  (208,3,"Beispiel Kommentare"),
  (270,6,"Beispiel Kommentare"),
  (153,5,"Beispiel Kommentare"),
  (403,2,"Beispiel Kommentare"),
  (483,4,"Beispiel Kommentare"),
  (153,3,"Beispiel Kommentare"),
  (283,4,"Beispiel Kommentare"),
  (60,2,"Beispiel Kommentare"),
  (168,6,"Beispiel Kommentare"),
  (236,5,"Beispiel Kommentare"),
  (396,2,"Beispiel Kommentare"),
  (127,4,"Beispiel Kommentare"),
  (36,1,"Beispiel Kommentare"),
  (204,3,"Beispiel Kommentare"),
  (186,5,"Beispiel Kommentare"),
  (105,5,"Beispiel Kommentare"),
  (259,6,"Beispiel Kommentare"),
  (380,3,"Beispiel Kommentare"),
  (229,1,"Beispiel Kommentare"),
  (331,2,"Beispiel Kommentare"),
  (84,3,"Beispiel Kommentare"),
  (283,6,"Beispiel Kommentare"),
  (482,2,"Beispiel Kommentare"),
  (301,5,"Beispiel Kommentare"),
  (120,5,"Beispiel Kommentare"),
  (40,3,"Beispiel Kommentare"),
  (309,2,"Beispiel Kommentare"),
  (447,2,"Beispiel Kommentare"),
  (293,4,"Beispiel Kommentare"),
  (440,6,"Beispiel Kommentare"),
  (371,3,"Beispiel Kommentare"),
  (128,6,"Beispiel Kommentare"),
  (360,5,"Beispiel Kommentare"),
  (182,2,"Beispiel Kommentare"),
  (372,5,"Beispiel Kommentare"),
  (63,6,"Beispiel Kommentare"),
  (40,4,"Beispiel Kommentare"),
  (35,2,"Beispiel Kommentare"),
  (191,4,"Beispiel Kommentare"),
  (411,4,"Beispiel Kommentare"),
  (231,4,"Beispiel Kommentare"),
  (119,6,"Beispiel Kommentare"),
  (414,2,"Beispiel Kommentare"),
  (64,5,"Beispiel Kommentare"),
  (495,3,"Beispiel Kommentare"),
  (118,1,"Beispiel Kommentare"),
  (114,6,"Beispiel Kommentare"),
  (375,2,"Beispiel Kommentare"),
  (469,1,"Beispiel Kommentare"),
  (121,5,"Beispiel Kommentare"),
  (229,2,"Beispiel Kommentare"),
  (422,5,"Beispiel Kommentare"),
  (40,3,"Beispiel Kommentare"),
  (463,4,"Beispiel Kommentare"),
  (461,4,"Beispiel Kommentare"),
  (203,6,"Beispiel Kommentare"),
  (7,2,"Beispiel Kommentare"),
  (458,1,"Beispiel Kommentare"),
  (240,2,"Beispiel Kommentare"),
  (255,1,"Beispiel Kommentare"),
  (83,3,"Beispiel Kommentare"),
  (223,5,"Beispiel Kommentare"),
  (370,2,"Beispiel Kommentare"),
  (44,5,"Beispiel Kommentare"),
  (79,5,"Beispiel Kommentare"),
  (495,4,"Beispiel Kommentare"),
  (208,3,"Beispiel Kommentare"),
  (16,3,"Beispiel Kommentare"),
  (221,2,"Beispiel Kommentare"),
  (428,4,"Beispiel Kommentare"),
  (112,5,"Beispiel Kommentare"),
  (103,3,"Beispiel Kommentare"),
  (325,2,"Beispiel Kommentare"),
  (391,4,"Beispiel Kommentare"),
  (153,5,"Beispiel Kommentare"),
  (106,6,"Beispiel Kommentare"),
  (466,3,"Beispiel Kommentare"),
  (285,6,"Beispiel Kommentare"),
  (132,5,"Beispiel Kommentare"),
  (91,2,"Beispiel Kommentare"),
  (245,1,"Beispiel Kommentare"),
  (148,5,"Beispiel Kommentare"),
  (346,5,"Beispiel Kommentare"),
  (320,2,"Beispiel Kommentare"),
  (417,1,"Beispiel Kommentare"),
  (135,5,"Beispiel Kommentare"),
  (398,5,"Beispiel Kommentare"),
  (362,5,"Beispiel Kommentare"),
  (162,3,"Beispiel Kommentare"),
  (131,6,"Beispiel Kommentare"),
  (471,3,"Beispiel Kommentare"),
  (387,2,"Beispiel Kommentare"),
  (99,4,"Beispiel Kommentare"),
  (377,5,"Beispiel Kommentare"),
  (390,3,"Beispiel Kommentare"),
  (50,4,"Beispiel Kommentare"),
  (500,1,"Beispiel Kommentare"),
  (261,3,"Beispiel Kommentare"),
  (58,1,"Beispiel Kommentare"),
  (226,3,"Beispiel Kommentare"),
  (481,5,"Beispiel Kommentare"),
  (27,2,"Beispiel Kommentare"),
  (302,6,"Beispiel Kommentare"),
  (101,3,"Beispiel Kommentare"),
  (69,2,"Beispiel Kommentare"),
  (35,3,"Beispiel Kommentare");

INSERT INTO `Mitarbeiter-Tier` (Mitarbeiter_ID,Tier_ID)
VALUES
  (12,3),
  (17,99),
  (10,19),
  (41,10),
  (38,13),
  (49,87),
  (30,84),
  (19,65),
  (39,50),
  (42,72),
  (2,6),
  (6,72),
  (47,89),
  (28,92),
  (47,4),
  (15,12),
  (32,90),
  (42,53),
  (29,7),
  (25,26),
  (15,36),
  (28,51),
  (49,93),
  (43,60),
  (42,67),
  (7,19),
  (47,80),
  (23,32),
  (16,74),
  (34,50),
  (18,77),
  (48,93),
  (39,48),
  (25,29),
  (15,8),
  (16,15),
  (17,35),
  (38,88),
  (7,35),
  (16,23),
  (36,15),
  (5,48),
  (12,73),
  (13,46),
  (40,12),
  (46,81),
  (20,60),
  (37,15),
  (26,43),
  (31,27);

INSERT INTO `Mitarbeiter-Tierart` (Mitarbeiter_ID,Tierart_ID)
VALUES
  (30,10),
  (5,17),
  (23,13),
  (17,3),
  (47,5),
  (32,10),
  (21,3),
  (6,16),
  (38,12),
  (34,9),
  (36,16),
  (14,3),
  (14,11),
  (30,1),
  (31,12),
  (7,12),
  (3,16),
  (31,12),
  (8,18),
  (41,13),
  (45,18),
  (9,4),
  (43,6),
  (14,13),
  (25,15),
  (24,3),
  (9,5),
  (30,17),
  (47,18),
  (24,15),
  (9,11),
  (24,4),
  (9,10),
  (25,9),
  (11,7),
  (17,17),
  (37,3),
  (38,15),
  (50,16),
  (16,19),
  (48,19),
  (24,17),
  (30,16),
  (12,8),
  (11,3),
  (1,8),
  (35,18),
  (9,17),
  (19,18),
  (30,7);

INSERT INTO `Lieferant-Futter` (Lieferant_ID,Futter_ID,Preis)
VALUES
  (8,15,"40.11"),
  (4,12,"20.31"),
  (7,2,"11.75"),
  (1,16,"48.74"),
  (7,19,"33.58"),
  (6,7,"24.59"),
  (5,3,"38.92"),
  (6,15,"36.17"),
  (7,1,"11.93"),
  (4,16,"46.94"),
  (7,9,"32.45"),
  (4,15,"38.56"),
  (2,4,"40.16"),
  (2,13,"28.61"),
  (6,2,"19.92"),
  (7,18,"28.26"),
  (3,5,"37.38"),
  (4,19,"46.06"),
  (5,9,"43.46"),
  (4,8,"47.04"),
  (8,5,"37.79"),
  (5,12,"16.81"),
  (4,9,"44.73"),
  (2,2,"25.29"),
  (1,19,"17.08"),
  (1,13,"43.25"),
  (7,3,"11.41"),
  (8,14,"25.17"),
  (7,13,"40.33"),
  (1,1,"42.28"),
  (7,15,"36.50"),
  (2,17,"15.45"),
  (3,9,"38.47"),
  (8,11,"18.86"),
  (2,18,"37.63"),
  (6,2,"21.24"),
  (2,9,"11.62"),
  (4,19,"46.80"),
  (2,3,"12.93"),
  (8,19,"21.16"),
  (8,17,"29.79"),
  (5,20,"31.66"),
  (2,7,"32.47"),
  (8,3,"26.01"),
  (8,10,"37.46"),
  (1,17,"13.39"),
  (4,10,"18.31"),
  (5,14,"35.94"),
  (3,16,"44.67"),
  (9,15,"13.85");

INSERT INTO `Mahlzeit-Futter` (Mahlzeit_ID,Futter_ID)
VALUES
  (13,9),
  (5,11),
  (2,20),
  (4,9),
  (3,8),
  (14,7),
  (11,8),
  (6,18),
  (4,19),
  (14,15),
  (2,8),
  (14,19),
  (10,14),
  (11,9),
  (14,16),
  (14,18),
  (15,9),
  (10,2),
  (15,18),
  (10,1),
  (7,10),
  (14,19),
  (12,3),
  (10,5),
  (13,5),
  (10,20),
  (7,9),
  (12,16),
  (10,1),
  (2,19),
  (3,10),
  (11,20),
  (10,12),
  (2,9),
  (2,12),
  (7,12),
  (14,9),
  (4,17),
  (12,9),
  (7,9);

INSERT INTO Unvertraeglich (Tier1_ID,Tier2_ID,Bemerkungen)
VALUES
  (91,53,"Verträgt sich nicht mit..."),
  (73,10,"Verträgt sich nicht mit..."),
  (73,30,"Verträgt sich nicht mit..."),
  (78,92,"Verträgt sich nicht mit..."),
  (38,55,"Verträgt sich nicht mit..."),
  (43,82,"Verträgt sich nicht mit..."),
  (39,26,"Verträgt sich nicht mit..."),
  (16,73,"Verträgt sich nicht mit..."),
  (61,8,"Verträgt sich nicht mit..."),
  (10,90,"Verträgt sich nicht mit..."),
  (81,42,"Verträgt sich nicht mit..."),
  (66,32,"Verträgt sich nicht mit..."),
  (4,81,"Verträgt sich nicht mit..."),
  (70,54,"Verträgt sich nicht mit..."),
  (42,94,"Verträgt sich nicht mit..."),
  (14,55,"Verträgt sich nicht mit..."),
  (28,61,"Verträgt sich nicht mit..."),
  (67,68,"Verträgt sich nicht mit..."),
  (4,25,"Verträgt sich nicht mit..."),
  (77,80,"Verträgt sich nicht mit..."),
  (71,42,"Verträgt sich nicht mit..."),
  (94,84,"Verträgt sich nicht mit..."),
  (19,78,"Verträgt sich nicht mit..."),
  (74,99,"Verträgt sich nicht mit..."),
  (34,7,"Verträgt sich nicht mit..."),
  (68,37,"Verträgt sich nicht mit..."),
  (80,85,"Verträgt sich nicht mit..."),
  (45,35,"Verträgt sich nicht mit..."),
  (50,16,"Verträgt sich nicht mit..."),
  (77,13,"Verträgt sich nicht mit...");

INSERT INTO Vertretung (Mitarbeiter_ID_vertreter,Mitarbeiter_ID_vertretener,Vertretungsgrund_ID,Vertretung_von,Vertretung_bis)
VALUES
  (14,18,1,"2023-6-29","2023-9-9"),
  (15,12,2,"2022-9-26","2023-11-30"),
  (49,5,5,"2022-3-20","2024-1-4"),
  (50,15,3,"2022-11-8","2023-12-15"),
  (42,8,4,"2022-3-9","2023-10-12"),
  (5,33,3,"2023-3-24","2023-10-24"),
  (38,25,4,"2023-5-1","2023-12-2"),
  (21,1,4,"2022-3-6","2023-8-22"),
  (34,21,5,"2022-5-27","2023-11-13"),
  (26,33,3,"2022-5-10","2023-9-13");

INSERT INTO Patenschaft (Besucher_ID,Pate_seit,Spenden_betrag,Spenden_art)
VALUES
  ("385","2023-8-7","12.53","Überweisung"),
  ("165","2021-6-12","30.52","Überweisung"),
  ("235","2022-2-14","45.47","Überweisung"),
  ("307","2023-5-6","95.17","Überweisung"),
  ("12","2022-1-12","20.00","Überweisung"),
  ("12","2023-12-1","82.61","Überweisung"),
  ("362","2022-1-25","68.39","Überweisung"),
  ("418","2022-7-29","98.40","Überweisung"),
  ("483","2022-6-1","24.26","Überweisung"),
  ("445","2021-5-28","37.05","Überweisung"),
  ("101","2022-4-20","50.99","Überweisung"),
  ("392","2021-11-5","96.89","Überweisung"),
  ("305","2021-7-6","8.51","Überweisung"),
  ("78","2021-5-12","9.46","Überweisung"),
  ("109","2021-11-22","49.97","Überweisung"),
  ("303","2021-8-29","97.55","Überweisung"),
  ("212","2023-7-9","14.22","Überweisung"),
  ("275","2023-10-11","12.49","Überweisung"),
  ("92","2023-3-17","48.02","Überweisung"),
  ("433","2023-12-14","71.35","Überweisung"),
  ("462","2021-6-1","32.59","Überweisung"),
  ("78","2023-6-27","75.33","Überweisung"),
  ("180","2023-8-28","34.48","Überweisung"),
  ("76","2021-2-12","70.80","Überweisung"),
  ("175","2021-4-4","12.08","Überweisung"),
  ("146","2022-10-25","10.52","Überweisung"),
  ("423","2022-5-26","85.44","Überweisung"),
  ("70","2023-4-2","68.79","Überweisung"),
  ("497","2021-3-8","59.83","Überweisung"),
  ("430","2022-9-28","53.94","Überweisung"),
  ("33","2023-12-7","30.45","Überweisung"),
  ("49","2021-6-1","78.34","Überweisung"),
  ("44","2022-10-3","13.27","Überweisung"),
  ("312","2021-2-11","48.91","Überweisung"),
  ("489","2022-1-23","49.59","Überweisung"),
  ("24","2021-5-5","73.49","Überweisung"),
  ("155","2022-2-23","63.28","Überweisung"),
  ("352","2023-7-14","23.28","Überweisung"),
  ("283","2021-9-11","23.38","Überweisung"),
  ("383","2023-11-3","96.97","Überweisung"),
  ("7","2023-10-8","59.38","Überweisung"),
  ("13","2022-5-12","74.44","Überweisung"),
  ("165","2022-7-7","31.37","Überweisung"),
  ("7","2022-8-29","63.55","Überweisung"),
  ("253","2022-3-11","60.85","Überweisung"),
  ("301","2021-3-15","22.91","Überweisung"),
  ("139","2023-9-11","43.97","Überweisung"),
  ("416","2023-11-10","73.88","Überweisung"),
  ("410","2022-6-26","33.39","Überweisung"),
  ("466","2023-6-8","8.06","Überweisung"),
  ("205","2021-2-20","94.99","Überweisung"),
  ("11","2022-1-2","26.50","Überweisung"),
  ("153","2023-12-8","17.14","Überweisung"),
  ("206","2021-12-2","34.56","Überweisung"),
  ("71","2021-2-27","83.29","Überweisung"),
  ("226","2022-4-20","73.58","Überweisung"),
  ("163","2023-4-25","53.98","Überweisung"),
  ("175","2021-3-20","55.25","Überweisung"),
  ("386","2022-5-27","99.18","Überweisung"),
  ("38","2023-11-9","57.37","Überweisung"),
  ("254","2022-1-1","20.76","Überweisung"),
  ("139","2023-7-31","97.65","Überweisung"),
  ("321","2023-8-14","71.46","Überweisung"),
  ("132","2022-7-9","69.15","Überweisung"),
  ("99","2022-2-11","92.74","Überweisung"),
  ("389","2023-2-24","69.86","Überweisung"),
  ("245","2023-9-8","63.12","Überweisung"),
  ("83","2023-5-19","15.51","Überweisung"),
  ("113","2022-10-26","19.05","Überweisung"),
  ("354","2023-11-5","62.53","Überweisung"),
  ("398","2021-9-27","32.62","Überweisung"),
  ("418","2023-5-15","65.03","Überweisung"),
  ("49","2023-8-18","55.39","Überweisung"),
  ("21","2022-2-8","56.79","Überweisung"),
  ("229","2023-2-22","9.53","Überweisung"),
  ("112","2022-11-7","39.47","Überweisung"),
  ("362","2023-2-23","96.52","Überweisung"),
  ("40","2022-12-27","83.10","Überweisung"),
  ("69","2022-11-27","57.89","Überweisung"),
  ("291","2021-4-18","44.40","Überweisung"),
  ("421","2023-1-15","88.02","Überweisung"),
  ("176","2023-3-31","42.17","Überweisung"),
  ("229","2023-9-15","92.87","Überweisung"),
  ("409","2022-1-30","97.76","Überweisung"),
  ("400","2021-11-10","28.14","Überweisung"),
  ("374","2023-5-15","40.24","Überweisung"),
  ("238","2022-12-21","14.99","Überweisung"),
  ("170","2021-10-31","11.69","Überweisung"),
  ("307","2021-11-9","62.81","Überweisung"),
  ("340","2022-6-16","56.33","Überweisung"),
  ("76","2022-5-30","98.02","Überweisung"),
  ("322","2021-5-3","33.64","Überweisung"),
  ("340","2022-2-5","33.83","Überweisung"),
  ("456","2022-12-26","23.28","Überweisung"),
  ("22","2021-10-25","28.44","Überweisung"),
  ("417","2023-1-9","68.29","Überweisung"),
  ("400","2023-4-28","81.57","Überweisung"),
  ("259","2021-8-30","9.21","Überweisung"),
  ("458","2023-10-23","29.46","Überweisung"),
  ("22","2022-12-13","22.24","Überweisung"),
  ("457","2023-10-3","10.80","Überweisung"),
  ("413","2023-5-26","89.22","Überweisung"),
  ("447","2022-12-30","65.01","Überweisung"),
  ("242","2021-12-21","7.90","Überweisung"),
  ("101","2021-7-17","42.49","Überweisung"),
  ("25","2021-10-12","11.30","Überweisung"),
  ("221","2022-12-31","78.56","Überweisung"),
  ("407","2023-4-4","73.54","Überweisung"),
  ("426","2022-8-16","62.14","Überweisung"),
  ("148","2022-1-22","19.43","Überweisung"),
  ("127","2021-10-27","94.51","Überweisung"),
  ("384","2021-6-11","91.41","Überweisung"),
  ("32","2023-2-24","30.19","Überweisung"),
  ("125","2023-5-18","10.24","Überweisung"),
  ("351","2023-1-5","49.86","Überweisung"),
  ("454","2023-12-15","97.13","Überweisung"),
  ("229","2023-4-17","31.32","Überweisung"),
  ("78","2022-4-11","25.23","Überweisung"),
  ("187","2023-4-8","90.77","Überweisung"),
  ("235","2023-4-18","92.83","Überweisung"),
  ("253","2022-11-16","95.24","Überweisung"),
  ("219","2022-8-8","21.80","Überweisung"),
  ("80","2022-9-15","98.28","Überweisung"),
  ("182","2023-2-7","27.36","Überweisung"),
  ("205","2021-10-2","18.67","Überweisung"),
  ("83","2023-3-4","4.21","Überweisung"),
  ("150","2022-4-21","85.04","Überweisung"),
  ("410","2023-1-19","84.12","Überweisung"),
  ("405","2022-8-1","87.73","Überweisung"),
  ("198","2022-12-30","70.79","Überweisung"),
  ("73","2023-12-23","5.52","Überweisung"),
  ("216","2021-8-31","54.12","Überweisung"),
  ("374","2021-6-9","60.93","Überweisung"),
  ("155","2023-1-19","99.61","Überweisung"),
  ("99","2022-3-16","13.09","Überweisung"),
  ("125","2023-8-7","65.31","Überweisung"),
  ("386","2021-10-28","86.11","Überweisung"),
  ("379","2023-10-7","79.94","Überweisung"),
  ("163","2021-8-27","25.89","Überweisung"),
  ("300","2023-10-11","96.60","Überweisung"),
  ("59","2023-9-20","87.06","Überweisung"),
  ("39","2022-8-18","47.15","Überweisung"),
  ("153","2023-5-13","63.94","Überweisung"),
  ("136","2022-8-3","19.51","Überweisung"),
  ("251","2023-9-10","56.73","Überweisung"),
  ("384","2022-11-26","34.83","Überweisung"),
  ("275","2023-12-18","5.18","Überweisung"),
  ("176","2023-7-20","6.79","Überweisung"),
  ("187","2021-3-10","97.27","Überweisung"),
  ("371","2023-7-8","64.78","Überweisung"),
  ("362","2023-9-6","65.64","Überweisung"),
  ("88","2022-10-14","85.65","Überweisung"),
  ("410","2022-6-18","86.42","Überweisung"),
  ("70","2023-7-21","43.22","Überweisung"),
  ("134","2023-9-20","41.71","Überweisung"),
  ("62","2023-12-28","55.86","Überweisung"),
  ("71","2022-6-28","48.39","Überweisung"),
  ("209","2021-9-27","29.07","Überweisung"),
  ("62","2023-4-30","71.15","Überweisung"),
  ("321","2023-2-2","71.72","Überweisung"),
  ("467","2022-12-11","13.67","Überweisung"),
  ("92","2023-6-7","97.02","Überweisung"),
  ("462","2022-6-14","43.27","Überweisung"),
  ("346","2021-5-13","39.23","Überweisung"),
  ("398","2022-11-1","98.48","Überweisung"),
  ("235","2022-11-17","83.67","Überweisung"),
  ("239","2022-8-11","77.05","Überweisung"),
  ("428","2021-3-29","72.22","Überweisung"),
  ("41","2021-11-30","71.85","Überweisung"),
  ("416","2022-11-18","81.93","Überweisung"),
  ("62","2023-5-4","87.65","Überweisung"),
  ("471","2023-2-18","34.65","Überweisung"),
  ("395","2022-4-8","32.01","Überweisung"),
  ("132","2023-8-2","73.19","Überweisung"),
  ("402","2022-3-17","49.11","Überweisung"),
  ("136","2022-4-23","10.17","Überweisung"),
  ("139","2023-6-14","44.08","Überweisung"),
  ("208","2023-6-14","84.97","Überweisung"),
  ("335","2022-12-26","51.48","Überweisung"),
  ("242","2022-7-15","24.24","Überweisung"),
  ("300","2021-4-2","53.63","Überweisung"),
  ("313","2022-12-27","19.29","Überweisung"),
  ("232","2021-8-30","30.16","Überweisung"),
  ("378","2021-4-13","91.32","Überweisung"),
  ("5","2023-11-10","27.78","Überweisung"),
  ("323","2023-6-10","24.32","Überweisung"),
  ("244","2021-8-31","89.16","Überweisung"),
  ("24","2022-9-16","72.75","Überweisung"),
  ("120","2022-2-2","52.19","Überweisung"),
  ("333","2022-7-18","75.26","Überweisung"),
  ("108","2022-4-23","96.52","Überweisung"),
  ("204","2022-4-24","39.57","Überweisung"),
  ("378","2022-6-26","40.64","Überweisung"),
  ("238","2022-8-2","55.87","Überweisung"),
  ("23","2023-8-6","56.50","Überweisung"),
  ("208","2023-10-18","49.62","Überweisung"),
  ("291","2022-10-3","35.19","Überweisung"),
  ("136","2022-7-31","66.78","Überweisung"),
  ("317","2021-7-29","91.54","Überweisung"),
  ("25","2022-12-30","93.88","Überweisung"),
  ("160","2022-7-29","83.63","Überweisung"),
  ("78","2021-3-21","48.94","Überweisung"),
  ("5","2023-8-21","36.12","Überweisung"),
  ("235","2021-10-1","9.57","Überweisung"),
  ("130","2024-1-3","32.14","Überweisung"),
  ("41","2022-2-1","83.17","Überweisung"),
  ("442","2023-10-28","29.52","Überweisung"),
  ("416","2023-9-15","96.88","Überweisung"),
  ("102","2023-10-13","89.84","Überweisung"),
  ("321","2022-11-3","88.72","Überweisung"),
  ("109","2023-2-2","53.97","Überweisung"),
  ("378","2023-11-3","87.07","Überweisung"),
  ("259","2023-9-9","79.47","Überweisung"),
  ("450","2022-7-15","79.55","Überweisung"),
  ("5","2022-2-6","42.07","Überweisung"),
  ("345","2022-7-27","96.23","Überweisung"),
  ("29","2021-4-22","6.89","Überweisung"),
  ("247","2022-4-2","89.38","Überweisung"),
  ("437","2021-6-14","73.95","Überweisung"),
  ("176","2023-1-8","9.43","Überweisung"),
  ("398","2021-8-17","91.91","Überweisung"),
  ("257","2021-3-6","80.37","Überweisung"),
  ("76","2023-12-4","32.72","Überweisung"),
  ("111","2022-3-29","78.57","Überweisung"),
  ("88","2022-10-18","79.60","Überweisung"),
  ("486","2023-7-22","14.27","Überweisung"),
  ("453","2022-10-22","48.54","Überweisung"),
  ("20","2022-1-27","95.31","Überweisung"),
  ("238","2023-10-7","55.50","Überweisung"),
  ("183","2022-6-16","9.65","Überweisung"),
  ("383","2021-8-14","29.60","Überweisung"),
  ("362","2023-3-29","33.45","Überweisung"),
  ("156","2023-8-24","92.95","Überweisung"),
  ("137","2021-9-28","98.45","Überweisung"),
  ("166","2022-1-8","67.42","Überweisung"),
  ("170","2021-5-23","22.34","Überweisung"),
  ("121","2022-12-27","92.52","Überweisung"),
  ("23","2021-8-25","80.30","Überweisung"),
  ("12","2023-6-24","23.44","Überweisung"),
  ("447","2021-4-19","64.22","Überweisung"),
  ("92","2021-6-12","94.60","Überweisung"),
  ("136","2023-10-22","92.65","Überweisung"),
  ("136","2022-1-29","61.23","Überweisung"),
  ("289","2022-4-11","18.05","Überweisung"),
  ("78","2023-11-1","48.74","Überweisung"),
  ("340","2023-1-29","95.41","Überweisung");


